emp_id,name,email,age,department,designation,salary,working_hours,leaves,appraisal,appraisal_amount,performance_score,status
1,Ayush,izjoemt1@clientcompany.com,28,Tech,Lead,87011,196,7,Yes,7873,2,Bench
2,Babita,dilhcrg2@clientcompany.com,35,Tech,Mid,32922,174,2,Yes,10432,7,Bench
3,priyansh,zpfyxpr3@clientcompany.com,22,Tech,Senior,90301,199,7,Yes,15291,7,Active
4,gaurav,somkiws4@clientcompany.com,29,Sales,Senior,38040,188,2,No,0,3,Bench
5,Meghna,lhkkccb5@clientcompany.com,35,Support,Lead,101859,194,6,Yes,11280,5,Bench
6,rohit,rbcrpfz6@clientcompany.com,21,Sales,Senior,84692,130,3,Yes,19431,8,Active
7,Aman,qestzuh7@clientcompany.com,47,Tech,Mid,47383,179,3,No,0,7,Bench
8,Naman,sroepdx8@clientcompany.com,42,Support,Junior,66046,189,6,No,0,1,Active
9,Ajay,nyhwifr9@clientcompany.com,43,Sales,Lead,46752,123,4,Yes,18161,6,Active
10,Joker,wkvtorx10@clientcompany.com,30,Sales,Junior,63181,156,5,No,0,8,Active
11,Xomqtef,xomqtef11@clientcompany.com,46,HR,Senior,74163,168,7,No,0,2,Bench
12,Oltigyo,oltigyo12@clientcompany.com,37,Support,Mid,138864,116,6,Yes,7284,5,Bench
13,Ofbpiey,ofbpiey13@clientcompany.com,46,Support,Lead,72077,145,6,No,0,5,Active
14,Busygqy,busygqy14@clientcompany.com,36,HR,Mid,31073,122,4,Yes,8971,9,Bench
15,Wlrafvp,wlrafvp15@clientcompany.com,46,HR,Mid,43755,149,1,No,0,1,Bench
16,Ytckohv,ytckohv16@clientcompany.com,26,HR,Senior,56929,184,6,No,0,5,Bench
17,Hmjrszb,hmjrszb17@clientcompany.com,43,Support,Mid,31792,167,7,Yes,5973,8,Active
18,Imljlhq,imljlhq18@clientcompany.com,29,Finance,Lead,87008,125,0,Yes,16203,10,Active
19,Nhcbxgs,nhcbxgs19@clientcompany.com,46,HR,Lead,157246,184,5,No,0,9,Bench
20,Imhozjz,imhozjz20@clientcompany.com,48,Support,Mid,140272,157,6,Yes,16951,6,Bench
21,Nwzksen,nwzksen21@clientcompany.com,29,Support,Mid,141107,174,6,Yes,10587,10,Bench
22,Wbubxjg,wbubxjg22@clientcompany.com,45,Finance,Junior,81588,191,4,Yes,5211,8,Active
23,Tdktawg,tdktawg23@clientcompany.com,44,Support,Junior,73775,116,0,Yes,10701,9,Bench
24,Uqyatfr,uqyatfr24@clientcompany.com,34,HR,Lead,93270,198,6,No,0,9,Active
25,Zgmhodw,zgmhodw25@clientcompany.com,22,Support,Senior,155388,127,5,Yes,2560,5,Active
26,Hjkydgo,hjkydgo26@clientcompany.com,27,Sales,Senior,70074,135,1,No,0,3,Bench
27,Whacxvi,whacxvi27@clientcompany.com,24,HR,Lead,45287,116,3,No,0,8,Bench
28,Gjyqgqx,gjyqgqx28@clientcompany.com,33,HR,Senior,159337,167,4,Yes,17343,3,Active
29,Hfppayv,hfppayv29@clientcompany.com,21,Finance,Mid,36106,112,2,No,0,2,Bench
30,Oafocch,oafocch30@clientcompany.com,26,Finance,Junior,43631,151,6,No,0,3,Bench
31,Fniagiy,fniagiy31@clientcompany.com,33,Support,Lead,133690,161,3,Yes,6789,10,Active
32,Dbzgbdk,dbzgbdk32@clientcompany.com,33,Sales,Senior,37169,152,2,No,0,8,Active
33,Cebeweq,cebeweq33@clientcompany.com,37,Finance,Junior,75333,119,3,Yes,10472,9,Active
34,Uwkzbmz,uwkzbmz34@clientcompany.com,37,Tech,Mid,159628,143,7,No,0,2,Bench
35,Ecdyigj,ecdyigj35@clientcompany.com,39,Tech,Mid,65470,192,3,Yes,6923,1,Active
36,Sfaludx,sfaludx36@clientcompany.com,47,HR,Junior,54010,171,0,Yes,18253,9,Bench
37,Hipgcql,hipgcql37@clientcompany.com,22,Sales,Mid,138687,148,3,Yes,5294,6,Bench
38,Ppjqkwm,ppjqkwm38@clientcompany.com,37,HR,Junior,34283,172,6,No,0,4,Active
39,Eysazgc,eysazgc39@clientcompany.com,30,Tech,Mid,39235,145,4,Yes,16303,7,Active
40,Annovgw,annovgw40@clientcompany.com,27,HR,Lead,116846,128,4,No,0,7,Active
41,Wxrktkg,wxrktkg41@clientcompany.com,33,Finance,Junior,68911,190,6,No,0,2,Active
42,Oayhlpk,oayhlpk42@clientcompany.com,46,Support,Mid,110206,170,6,Yes,15364,10,Active
43,Oltywgn,oltywgn43@clientcompany.com,31,HR,Junior,131329,141,7,Yes,8445,7,Active
44,Jqkhcgz,jqkhcgz44@clientcompany.com,44,Tech,Senior,131025,143,4,Yes,15377,10,Bench
45,Ktyoebn,ktyoebn45@clientcompany.com,33,HR,Lead,148455,142,5,No,0,9,Active
46,Hbuavev,hbuavev46@clientcompany.com,30,Tech,Mid,30334,154,7,Yes,6300,6,Active
47,Swhiwid,swhiwid47@clientcompany.com,41,Support,Mid,144269,157,4,No,0,10,Bench
48,Ruejuiw,ruejuiw48@clientcompany.com,25,Support,Mid,43610,147,4,No,0,5,Bench
49,Gpvszpk,gpvszpk49@clientcompany.com,24,Sales,Senior,119562,118,4,Yes,12554,2,Bench
50,Fzjvjdw,fzjvjdw50@clientcompany.com,37,Tech,Lead,39330,187,4,No,0,2,Bench
51,Pzhndeg,pzhndeg51@clientcompany.com,29,Tech,Junior,108045,158,0,Yes,13745,4,Bench
52,Mxjimyj,mxjimyj52@clientcompany.com,38,Sales,Mid,149225,170,0,Yes,8551,3,Bench
53,Ltgsyts,ltgsyts53@clientcompany.com,24,Sales,Junior,80100,115,3,Yes,6415,7,Active
54,Qxtzguz,qxtzguz54@clientcompany.com,41,Finance,Lead,66756,119,6,Yes,6919,8,Active
55,Suepmok,suepmok55@clientcompany.com,29,Tech,Junior,101643,198,5,Yes,4751,9,Active
56,Ccuynst,ccuynst56@clientcompany.com,37,Sales,Mid,51655,182,1,Yes,18953,1,Bench
57,Tzrcvgg,tzrcvgg57@clientcompany.com,35,HR,Mid,157270,171,0,Yes,15244,6,Active
58,Pymjrxp,pymjrxp58@clientcompany.com,46,Finance,Lead,32523,147,3,No,0,10,Active
59,Cikxypj,cikxypj59@clientcompany.com,23,HR,Lead,97703,112,3,No,0,4,Active
60,Ipkwveh,ipkwveh60@clientcompany.com,29,Finance,Mid,132293,148,5,Yes,18724,4,Active
61,Czlbabd,czlbabd61@clientcompany.com,45,HR,Junior,125598,191,7,Yes,19933,4,Active
62,Wjfqbpj,wjfqbpj62@clientcompany.com,22,Support,Lead,51417,191,1,Yes,10731,7,Bench
63,Fjwjsld,fjwjsld63@clientcompany.com,45,Sales,Senior,79449,161,1,No,0,7,Active
64,Osvjguo,osvjguo64@clientcompany.com,34,Tech,Senior,63795,112,3,No,0,8,Active
65,Pxycxei,pxycxei65@clientcompany.com,40,HR,Mid,31959,162,3,Yes,8675,7,Active
66,Xlyyqoh,xlyyqoh66@clientcompany.com,46,Finance,Senior,148132,134,2,Yes,4187,10,Active
67,Addgnmw,addgnmw67@clientcompany.com,24,Sales,Lead,147818,132,6,Yes,13421,4,Active
68,Axtpuxl,axtpuxl68@clientcompany.com,43,Sales,Junior,88220,152,2,No,0,2,Active
69,Rmdcczy,rmdcczy69@clientcompany.com,47,Tech,Senior,86918,134,0,No,0,6,Bench
70,Frzrzms,frzrzms70@clientcompany.com,23,Sales,Senior,93976,165,6,Yes,14191,3,Bench
71,Pjkvzcw,pjkvzcw71@clientcompany.com,28,Finance,Senior,33082,184,4,Yes,19265,5,Bench
72,Gtgnhqw,gtgnhqw72@clientcompany.com,35,Sales,Lead,115802,124,2,Yes,11161,9,Bench
73,Ylsvrtl,ylsvrtl73@clientcompany.com,32,Finance,Mid,150730,125,1,No,0,1,Bench
74,Usrmmoa,usrmmoa74@clientcompany.com,47,Support,Lead,60579,169,1,No,0,2,Active
75,Ttllyeb,ttllyeb75@clientcompany.com,38,HR,Lead,156769,113,7,Yes,4192,5,Bench
76,Qqsoyxu,qqsoyxu76@clientcompany.com,33,HR,Mid,159699,176,0,Yes,5572,6,Active
77,Avcyqwi,avcyqwi77@clientcompany.com,48,Sales,Senior,32032,142,2,Yes,12940,4,Bench
78,Yjpvoqe,yjpvoqe78@clientcompany.com,35,HR,Junior,64088,131,3,Yes,15546,9,Active
79,Jrrlwbr,jrrlwbr79@clientcompany.com,32,HR,Senior,123062,136,2,Yes,8223,8,Bench
80,Lwsxteb,lwsxteb80@clientcompany.com,46,Tech,Junior,129077,172,0,No,0,7,Active
81,Lucrose,lucrose81@clientcompany.com,29,HR,Mid,100949,177,1,Yes,19514,4,Bench
82,Psgkjbz,psgkjbz82@clientcompany.com,41,Tech,Lead,91953,161,1,No,0,1,Active
83,Cycpytm,cycpytm83@clientcompany.com,34,Finance,Junior,106019,160,0,No,0,7,Active
84,Bemnnkf,bemnnkf84@clientcompany.com,26,Support,Senior,39242,111,2,Yes,7679,2,Active
85,Uzbbswp,uzbbswp85@clientcompany.com,21,Support,Junior,141458,195,6,Yes,2490,8,Bench
86,Nebckny,nebckny86@clientcompany.com,32,Finance,Junior,92503,130,1,Yes,3742,9,Bench
87,Zxhujqa,zxhujqa87@clientcompany.com,21,Support,Senior,112038,127,6,Yes,12931,5,Active
88,Slynuwq,slynuwq88@clientcompany.com,43,Sales,Junior,134080,159,7,Yes,11034,2,Bench
89,Jvvrmuj,jvvrmuj89@clientcompany.com,45,Sales,Mid,42478,160,1,No,0,8,Active
90,Eqdymga,eqdymga90@clientcompany.com,41,Finance,Lead,75077,183,6,No,0,6,Bench
91,Fibdoxm,fibdoxm91@clientcompany.com,23,Finance,Junior,121365,152,6,Yes,16930,7,Bench
92,Kaivcdx,kaivcdx92@clientcompany.com,43,HR,Junior,85474,158,3,No,0,3,Bench
93,Kspeawy,kspeawy93@clientcompany.com,26,Support,Senior,50210,121,1,No,0,2,Bench
94,Ponwbws,ponwbws94@clientcompany.com,32,Tech,Senior,87159,113,4,Yes,14387,8,Bench
95,Fmwkesy,fmwkesy95@clientcompany.com,40,Support,Senior,49264,112,3,No,0,6,Bench
96,Zexrjqn,zexrjqn96@clientcompany.com,24,Sales,Mid,94529,148,3,No,0,7,Active
97,Mnuhzmf,mnuhzmf97@clientcompany.com,29,Support,Junior,93584,171,2,Yes,14678,10,Active
98,Xvifipd,xvifipd98@clientcompany.com,21,Finance,Junior,34291,130,3,No,0,5,Active
99,Agoxfrz,agoxfrz99@clientcompany.com,41,Sales,Junior,71246,175,6,Yes,10657,4,Active
100,Vabdjtd,vabdjtd100@clientcompany.com,41,Sales,Senior,56806,134,3,No,0,8,Bench
101,Bqucepb,bqucepb101@clientcompany.com,47,Tech,Junior,53179,113,6,Yes,18235,6,Active
102,Luffsmh,luffsmh102@clientcompany.com,45,Finance,Lead,110391,172,5,Yes,19583,6,Active
103,Fglxnkd,fglxnkd103@clientcompany.com,22,Tech,Lead,38798,158,6,Yes,11858,8,Bench
104,Ibcgaaa,ibcgaaa104@clientcompany.com,23,Support,Junior,101184,168,7,Yes,5212,4,Active
105,Cushbds,cushbds105@clientcompany.com,41,Tech,Mid,33806,199,5,No,0,10,Bench
106,Yxeawmw,yxeawmw106@clientcompany.com,47,Support,Lead,96861,183,5,Yes,4217,3,Bench
107,Vqjifbu,vqjifbu107@clientcompany.com,45,Sales,Senior,60478,157,4,Yes,4800,7,Active
108,Xgtfahe,xgtfahe108@clientcompany.com,46,Finance,Lead,64782,187,5,No,0,3,Bench
109,Aoefsrd,aoefsrd109@clientcompany.com,32,Sales,Junior,55370,114,6,No,0,10,Bench
110,Ejifdan,ejifdan110@clientcompany.com,46,Support,Mid,149103,188,4,Yes,4907,5,Active
111,Xkoaqtu,xkoaqtu111@clientcompany.com,35,Finance,Senior,91160,148,5,No,0,8,Active
112,Fhxvfsf,fhxvfsf112@clientcompany.com,35,Tech,Senior,110085,133,7,No,0,3,Active
113,Cvvkfoe,cvvkfoe113@clientcompany.com,39,Support,Mid,41769,180,0,Yes,13672,3,Bench
114,Banrhes,banrhes114@clientcompany.com,25,Support,Lead,77397,156,5,Yes,14901,4,Bench
115,Jvsyigb,jvsyigb115@clientcompany.com,42,Finance,Junior,110407,154,2,Yes,3587,2,Active
116,Bxpcuuz,bxpcuuz116@clientcompany.com,28,Support,Lead,105943,184,5,No,0,7,Bench
117,Tobmpua,tobmpua117@clientcompany.com,29,Finance,Senior,85964,189,1,Yes,2759,10,Active
118,Jmilfbu,jmilfbu118@clientcompany.com,37,HR,Mid,65143,146,1,Yes,6771,9,Active
119,Dxnckpz,dxnckpz119@clientcompany.com,44,Finance,Lead,89743,173,7,No,0,3,Bench
120,Ldpgojb,ldpgojb120@clientcompany.com,36,Sales,Senior,35321,121,5,Yes,7799,6,Bench
121,Wivblah,wivblah121@clientcompany.com,33,Tech,Senior,149888,115,2,Yes,9406,8,Active
122,Kltrayw,kltrayw122@clientcompany.com,36,HR,Mid,147640,110,6,Yes,12903,9,Bench
123,Gyfprzo,gyfprzo123@clientcompany.com,22,Tech,Lead,103175,140,1,Yes,13064,10,Active
124,Kjedbrm,kjedbrm124@clientcompany.com,24,Finance,Junior,121759,143,2,Yes,10097,1,Active
125,Ymxfryy,ymxfryy125@clientcompany.com,44,Tech,Lead,98650,138,5,No,0,3,Active
126,Ufxqsim,ufxqsim126@clientcompany.com,41,Sales,Junior,127123,140,4,Yes,18390,10,Bench
127,Kfsmfmq,kfsmfmq127@clientcompany.com,46,Tech,Junior,106624,162,2,Yes,18732,4,Bench
128,Jdvjgri,jdvjgri128@clientcompany.com,27,Finance,Senior,72463,137,3,No,0,10,Active
129,Qgvrhbc,qgvrhbc129@clientcompany.com,31,Finance,Junior,71702,185,7,No,0,7,Bench
130,Cgsdvxj,cgsdvxj130@clientcompany.com,44,Tech,Junior,70420,152,4,No,0,2,Active
131,Gwlcdlz,gwlcdlz131@clientcompany.com,34,Finance,Junior,120152,193,0,Yes,13340,4,Bench
132,Vpvmose,vpvmose132@clientcompany.com,23,Finance,Senior,52756,187,1,No,0,9,Bench
133,Wzustxc,wzustxc133@clientcompany.com,46,HR,Senior,139127,178,4,No,0,7,Bench
134,Jhsddvu,jhsddvu134@clientcompany.com,28,Finance,Senior,55035,167,2,Yes,8145,4,Active
135,Ovdpsyx,ovdpsyx135@clientcompany.com,42,Finance,Mid,82808,118,6,No,0,2,Active
136,Ikofkdq,ikofkdq136@clientcompany.com,33,HR,Lead,39858,118,0,Yes,17846,4,Active
137,Cyywvoc,cyywvoc137@clientcompany.com,40,Sales,Junior,145541,164,5,Yes,6921,10,Active
138,Odmimph,odmimph138@clientcompany.com,29,Support,Junior,77556,145,3,Yes,6891,5,Bench
139,Gkibhye,gkibhye139@clientcompany.com,25,Sales,Lead,87844,128,6,Yes,2954,4,Bench
140,Bpqoalp,bpqoalp140@clientcompany.com,47,Support,Junior,142600,163,7,No,0,7,Bench
141,Dnsuxkl,dnsuxkl141@clientcompany.com,47,Sales,Senior,120115,170,5,Yes,3853,8,Active
142,Jwofdmd,jwofdmd142@clientcompany.com,30,Finance,Mid,98552,127,4,Yes,4740,5,Bench
143,Mtndiwz,mtndiwz143@clientcompany.com,42,Tech,Senior,130034,136,7,Yes,6689,1,Active
144,Bvhicix,bvhicix144@clientcompany.com,34,Sales,Junior,154302,113,7,No,0,1,Bench
145,Gigmwik,gigmwik145@clientcompany.com,35,HR,Senior,94549,179,4,No,0,8,Bench
146,Pupzyzp,pupzyzp146@clientcompany.com,48,HR,Mid,113072,120,4,No,0,9,Bench
147,Rkharrq,rkharrq147@clientcompany.com,38,Tech,Lead,94625,184,0,No,0,2,Bench
148,Relappz,relappz148@clientcompany.com,30,Tech,Lead,54124,159,7,Yes,11496,10,Active
149,Hosfzsx,hosfzsx149@clientcompany.com,28,Sales,Lead,80484,167,5,Yes,13682,4,Bench
150,Xjdasmx,xjdasmx150@clientcompany.com,22,Tech,Lead,72058,136,7,Yes,5800,7,Active
151,Lmfgkcb,lmfgkcb151@clientcompany.com,32,HR,Lead,97472,199,2,No,0,9,Active
152,Qdefaxi,qdefaxi152@clientcompany.com,29,HR,Junior,48306,140,1,Yes,4761,9,Bench
153,Xsxekyc,xsxekyc153@clientcompany.com,45,Sales,Mid,114880,192,7,Yes,16005,5,Active
154,Mbhpuyi,mbhpuyi154@clientcompany.com,40,HR,Lead,106383,198,5,Yes,9161,5,Bench
155,Raqcfbm,raqcfbm155@clientcompany.com,44,Tech,Lead,92149,176,7,Yes,4267,7,Bench
156,Gdesjkp,gdesjkp156@clientcompany.com,25,Finance,Junior,149050,139,1,No,0,1,Active
157,Uyelxup,uyelxup157@clientcompany.com,48,Tech,Lead,102246,144,0,Yes,10374,6,Active
158,Lfprisj,lfprisj158@clientcompany.com,21,Finance,Senior,106239,136,5,No,0,8,Active
159,Cemwaiy,cemwaiy159@clientcompany.com,45,Tech,Junior,157061,158,0,Yes,12786,8,Bench
160,Dxxzonu,dxxzonu160@clientcompany.com,35,Sales,Lead,144192,123,1,Yes,5155,10,Active
161,Upthaae,upthaae161@clientcompany.com,31,Sales,Junior,154244,160,6,Yes,9057,9,Bench
162,Clasdwn,clasdwn162@clientcompany.com,24,Sales,Mid,49538,189,7,No,0,6,Active
163,Auseklb,auseklb163@clientcompany.com,39,Sales,Senior,31176,143,6,No,0,3,Bench
164,Xyuxwkc,xyuxwkc164@clientcompany.com,41,Tech,Mid,147536,172,5,Yes,16349,6,Bench
165,Btlxihf,btlxihf165@clientcompany.com,39,Tech,Mid,69804,199,7,Yes,17174,3,Bench
166,Mxafwkx,mxafwkx166@clientcompany.com,33,Finance,Senior,130714,195,0,No,0,8,Bench
167,Xghwasm,xghwasm167@clientcompany.com,45,Sales,Mid,46155,122,0,Yes,16423,8,Active
168,Ubdmose,ubdmose168@clientcompany.com,48,Support,Lead,103330,175,5,Yes,16925,9,Bench
169,Maeyzln,maeyzln169@clientcompany.com,35,Finance,Mid,48110,179,5,Yes,14126,3,Bench
170,Ojuxlzf,ojuxlzf170@clientcompany.com,29,Finance,Mid,38246,196,6,Yes,6314,1,Active
171,Omsgitk,omsgitk171@clientcompany.com,31,Support,Mid,37318,129,4,Yes,18518,3,Active
172,Dubytcl,dubytcl172@clientcompany.com,42,Support,Senior,61483,150,1,No,0,5,Bench
173,Wcwrcgl,wcwrcgl173@clientcompany.com,30,HR,Senior,102584,146,6,No,0,10,Bench
174,Snkhcla,snkhcla174@clientcompany.com,32,Sales,Lead,112479,189,7,No,0,6,Active
175,Dbincha,dbincha175@clientcompany.com,21,Tech,Mid,138617,115,5,No,0,7,Active
176,Ahirzzi,ahirzzi176@clientcompany.com,46,Finance,Mid,159254,199,6,No,0,7,Bench
177,Loyjzfj,loyjzfj177@clientcompany.com,39,Finance,Lead,156031,186,2,Yes,16127,3,Active
178,Puxicez,puxicez178@clientcompany.com,30,Support,Lead,33631,127,4,No,0,5,Active
179,Qtpzbup,qtpzbup179@clientcompany.com,35,Finance,Senior,67613,135,1,No,0,6,Active
180,Ekrdbsz,ekrdbsz180@clientcompany.com,42,Sales,Mid,156317,159,4,Yes,15988,2,Active
181,Dvpkpck,dvpkpck181@clientcompany.com,38,Support,Lead,42060,113,7,Yes,3094,5,Active
182,Wvyrkok,wvyrkok182@clientcompany.com,44,HR,Junior,111137,189,5,Yes,6000,4,Active
183,Vjwswar,vjwswar183@clientcompany.com,43,Tech,Lead,79179,122,4,No,0,6,Bench
184,Gatrkxo,gatrkxo184@clientcompany.com,28,Tech,Lead,154859,172,1,Yes,19008,4,Bench
185,Cyxymzv,cyxymzv185@clientcompany.com,45,Support,Senior,148289,160,1,Yes,13480,8,Bench
186,Qfqtirn,qfqtirn186@clientcompany.com,38,Tech,Senior,51480,166,5,No,0,8,Bench
187,Hfvtizf,hfvtizf187@clientcompany.com,47,Sales,Senior,69271,186,1,No,0,4,Active
188,Yleokko,yleokko188@clientcompany.com,26,Support,Lead,87151,141,1,No,0,9,Bench
189,Axxttxd,axxttxd189@clientcompany.com,26,Sales,Mid,139067,140,0,Yes,19128,8,Bench
190,Fthnkrc,fthnkrc190@clientcompany.com,46,Sales,Lead,34735,174,0,Yes,5882,8,Bench
191,Lesxekb,lesxekb191@clientcompany.com,24,Tech,Lead,113017,154,2,Yes,7929,6,Active
192,Erwtbri,erwtbri192@clientcompany.com,42,Finance,Lead,99846,152,4,No,0,3,Bench
193,Xrsotsb,xrsotsb193@clientcompany.com,44,Support,Lead,149650,137,1,Yes,7635,6,Bench
194,Szzltgo,szzltgo194@clientcompany.com,25,Tech,Mid,105870,163,5,No,0,5,Bench
195,Giomwxm,giomwxm195@clientcompany.com,27,Support,Junior,133081,127,5,Yes,12293,3,Bench
196,Aounwqm,aounwqm196@clientcompany.com,40,HR,Junior,137087,142,0,No,0,8,Active
197,Vpguclr,vpguclr197@clientcompany.com,34,Sales,Lead,100759,151,7,No,0,2,Bench
198,Lreusan,lreusan198@clientcompany.com,27,Sales,Mid,61288,193,2,No,0,3,Active
199,Cpzsqdq,cpzsqdq199@clientcompany.com,26,Sales,Junior,111292,132,0,Yes,10597,5,Active
200,Xkfotme,xkfotme200@clientcompany.com,33,Finance,Senior,43619,175,7,Yes,2101,10,Bench
201,Lkclyao,lkclyao201@clientcompany.com,32,Sales,Lead,53652,154,6,Yes,5807,1,Active
202,Oibpexk,oibpexk202@clientcompany.com,31,Finance,Mid,65884,155,3,No,0,8,Bench
203,Hfuhree,hfuhree203@clientcompany.com,33,Support,Lead,75079,127,1,No,0,4,Active
204,Clqzdit,clqzdit204@clientcompany.com,37,Sales,Junior,50935,161,0,Yes,14493,2,Bench
205,Wehptap,wehptap205@clientcompany.com,34,HR,Lead,42551,135,0,Yes,12300,6,Bench
206,Vavwuyo,vavwuyo206@clientcompany.com,46,Sales,Mid,31873,110,2,No,0,1,Active
207,Nvrjudm,nvrjudm207@clientcompany.com,38,Finance,Lead,107475,199,6,Yes,10456,3,Bench
208,Fwxgfab,fwxgfab208@clientcompany.com,47,Sales,Mid,89426,191,2,Yes,15803,9,Bench
209,Rifqfcc,rifqfcc209@clientcompany.com,45,Sales,Mid,143781,173,6,No,0,10,Bench
210,Etibwah,etibwah210@clientcompany.com,42,HR,Lead,153239,174,5,Yes,14702,5,Active
211,Nyofhyf,nyofhyf211@clientcompany.com,22,Tech,Junior,134227,165,5,Yes,11939,3,Bench
212,Smjqbpf,smjqbpf212@clientcompany.com,22,HR,Mid,56880,175,5,Yes,9061,8,Active
213,Pwwpnsz,pwwpnsz213@clientcompany.com,25,Finance,Junior,73233,158,5,No,0,7,Bench
214,Ssmlpoi,ssmlpoi214@clientcompany.com,37,Finance,Junior,35812,177,4,Yes,19801,9,Active
215,Mhtwxrx,mhtwxrx215@clientcompany.com,23,Sales,Senior,158408,140,1,No,0,6,Bench
216,Afrjbok,afrjbok216@clientcompany.com,26,Support,Junior,40876,141,1,No,0,7,Bench
217,Vojmhag,vojmhag217@clientcompany.com,38,Finance,Senior,41920,112,7,No,0,8,Bench
218,Ejpbbcb,ejpbbcb218@clientcompany.com,37,HR,Lead,85089,172,2,No,0,7,Bench
219,Hnttfqd,hnttfqd219@clientcompany.com,29,HR,Lead,63821,157,7,No,0,2,Bench
220,Vwqisqg,vwqisqg220@clientcompany.com,29,HR,Lead,98013,121,2,Yes,14247,2,Active
221,Dshevmv,dshevmv221@clientcompany.com,26,Sales,Junior,32880,162,4,No,0,6,Bench
222,Fzmdgqj,fzmdgqj222@clientcompany.com,21,Tech,Mid,99519,155,0,No,0,5,Bench
223,Zzvftzy,zzvftzy223@clientcompany.com,38,Sales,Lead,156720,177,6,Yes,10942,6,Active
224,Gqdabiu,gqdabiu224@clientcompany.com,36,HR,Mid,158322,143,6,Yes,19323,10,Bench
225,Zasgasr,zasgasr225@clientcompany.com,31,Finance,Junior,95750,198,5,Yes,6208,10,Active
226,Heomwji,heomwji226@clientcompany.com,30,Sales,Mid,75336,138,3,Yes,18423,3,Bench
227,Ukkmhcw,ukkmhcw227@clientcompany.com,35,Sales,Senior,89967,181,1,No,0,2,Bench
228,Bpnewfl,bpnewfl228@clientcompany.com,27,Support,Mid,107711,159,6,No,0,4,Bench
229,Jxuwmvz,jxuwmvz229@clientcompany.com,38,Tech,Mid,80445,150,0,No,0,4,Active
230,Thsepiq,thsepiq230@clientcompany.com,25,Support,Junior,58274,185,7,No,0,2,Bench
231,Izpbfem,izpbfem231@clientcompany.com,32,Support,Mid,110628,197,7,Yes,18580,3,Active
232,Mmpgsnf,mmpgsnf232@clientcompany.com,37,Support,Senior,32449,124,3,No,0,9,Bench
233,Iclqkas,iclqkas233@clientcompany.com,41,Tech,Senior,133641,165,0,No,0,4,Active
234,Dahrlmt,dahrlmt234@clientcompany.com,21,Support,Lead,33175,118,4,No,0,10,Bench
235,Rebilpg,rebilpg235@clientcompany.com,39,Finance,Mid,84123,200,6,No,0,1,Active
236,Rzexkck,rzexkck236@clientcompany.com,45,Finance,Mid,39359,127,1,Yes,5009,3,Bench
237,Wnxojfl,wnxojfl237@clientcompany.com,21,Support,Mid,144835,116,1,Yes,7481,7,Active
238,Seokdam,seokdam238@clientcompany.com,25,Finance,Mid,107548,155,7,Yes,7318,5,Bench
239,Ppgeqfe,ppgeqfe239@clientcompany.com,22,Tech,Mid,33341,146,6,No,0,7,Bench
240,Zrwroop,zrwroop240@clientcompany.com,32,Tech,Junior,131714,114,0,Yes,2839,7,Bench
241,Artvxhu,artvxhu241@clientcompany.com,47,Sales,Junior,145701,198,0,Yes,3267,9,Bench
242,Ferepdv,ferepdv242@clientcompany.com,34,Tech,Lead,43205,194,7,Yes,15947,1,Active
243,Otfvjkh,otfvjkh243@clientcompany.com,40,Finance,Lead,36916,172,4,Yes,13446,7,Active
244,Grxrpda,grxrpda244@clientcompany.com,45,Finance,Junior,88265,174,7,No,0,10,Active
245,Moudulo,moudulo245@clientcompany.com,26,Support,Junior,64378,178,6,No,0,4,Bench
246,Elscciz,elscciz246@clientcompany.com,47,Tech,Senior,153932,162,0,No,0,8,Active
247,Vprnfsl,vprnfsl247@clientcompany.com,21,HR,Junior,136429,132,4,No,0,8,Bench
248,Tkujrhm,tkujrhm248@clientcompany.com,24,Finance,Senior,41703,160,5,Yes,8081,6,Bench
249,Emlties,emlties249@clientcompany.com,34,Finance,Mid,139510,194,6,No,0,5,Bench
250,Arzgprf,arzgprf250@clientcompany.com,21,Sales,Senior,149136,167,0,No,0,8,Active
251,Xedrbsd,xedrbsd251@clientcompany.com,42,Finance,Mid,99340,128,5,No,0,10,Bench
252,Ebvmchg,ebvmchg252@clientcompany.com,28,HR,Lead,50813,123,3,No,0,4,Active
253,Xmytoei,xmytoei253@clientcompany.com,48,Tech,Lead,95862,151,6,No,0,7,Active
254,Rupiius,rupiius254@clientcompany.com,22,Tech,Junior,56871,196,5,No,0,5,Active
255,Qsaufcr,qsaufcr255@clientcompany.com,30,Support,Junior,149249,154,0,No,0,2,Bench
256,Qwtfian,qwtfian256@clientcompany.com,46,Finance,Senior,34410,134,6,Yes,9570,8,Active
257,Fsczczx,fsczczx257@clientcompany.com,44,Sales,Junior,71625,111,3,No,0,5,Bench
258,Nmismxz,nmismxz258@clientcompany.com,23,Finance,Mid,129364,176,5,Yes,11957,8,Active
259,Yizfrsi,yizfrsi259@clientcompany.com,45,Support,Mid,80198,199,4,Yes,12104,3,Active
260,Vedjlur,vedjlur260@clientcompany.com,36,Sales,Lead,80967,123,4,Yes,16690,1,Bench
261,Aacutgm,aacutgm261@clientcompany.com,34,Sales,Lead,138553,115,0,Yes,19847,4,Active
262,Tzzsdpv,tzzsdpv262@clientcompany.com,24,Finance,Lead,96204,133,0,Yes,2520,4,Active
263,Uratjfl,uratjfl263@clientcompany.com,37,HR,Senior,45289,165,3,Yes,6730,10,Active
264,Xmibriv,xmibriv264@clientcompany.com,44,Support,Lead,91982,141,1,Yes,17515,2,Active
265,Nfanmas,nfanmas265@clientcompany.com,29,Sales,Senior,96892,142,6,No,0,5,Active
266,Jegmakc,jegmakc266@clientcompany.com,25,Tech,Lead,73889,162,0,Yes,15493,2,Active
267,Xqwpgog,xqwpgog267@clientcompany.com,34,Finance,Mid,103709,165,1,No,0,6,Active
268,Jfyorup,jfyorup268@clientcompany.com,33,Finance,Junior,54811,143,5,No,0,7,Bench
269,Dnjmzmn,dnjmzmn269@clientcompany.com,38,Finance,Junior,117802,127,4,No,0,9,Active
270,Aybtmfu,aybtmfu270@clientcompany.com,46,Finance,Senior,98029,199,5,Yes,11204,5,Bench
271,Zjhstta,zjhstta271@clientcompany.com,43,Support,Junior,158895,112,3,No,0,3,Bench
272,Xlikipv,xlikipv272@clientcompany.com,35,Support,Junior,83819,119,7,No,0,8,Active
273,Douqlno,douqlno273@clientcompany.com,24,Finance,Lead,123682,162,1,No,0,9,Active
274,Fjrfugc,fjrfugc274@clientcompany.com,22,Sales,Lead,120832,115,2,Yes,13558,3,Bench
275,Ugoohsr,ugoohsr275@clientcompany.com,32,Tech,Junior,45600,123,0,No,0,1,Active
276,Upvblhr,upvblhr276@clientcompany.com,43,Tech,Lead,72259,124,5,No,0,2,Active
277,Aibmoaf,aibmoaf277@clientcompany.com,34,Sales,Lead,57970,137,6,Yes,16503,7,Bench
278,Leoculf,leoculf278@clientcompany.com,29,Support,Junior,127232,131,2,Yes,12649,1,Bench
279,Omcvaba,omcvaba279@clientcompany.com,31,Finance,Mid,107347,188,7,Yes,8967,9,Bench
280,Frildmq,frildmq280@clientcompany.com,40,Tech,Lead,91029,183,0,No,0,1,Bench
281,Bdaugta,bdaugta281@clientcompany.com,42,HR,Mid,59026,153,6,No,0,10,Active
282,Vrgewfj,vrgewfj282@clientcompany.com,30,HR,Mid,55229,127,0,Yes,2093,2,Bench
283,Nxdpnzr,nxdpnzr283@clientcompany.com,31,HR,Lead,86585,121,7,No,0,1,Active
284,Nqdgwyk,nqdgwyk284@clientcompany.com,41,Sales,Senior,74067,191,6,Yes,12158,4,Bench
285,Inenuzj,inenuzj285@clientcompany.com,47,HR,Mid,131604,164,7,No,0,5,Bench
286,Fhssjun,fhssjun286@clientcompany.com,26,Finance,Lead,59354,161,3,Yes,6178,2,Bench
287,Lvkwqej,lvkwqej287@clientcompany.com,28,HR,Junior,49965,136,3,No,0,10,Active
288,Rvuepur,rvuepur288@clientcompany.com,47,Sales,Senior,110242,176,0,Yes,11664,4,Active
289,Xexqzym,xexqzym289@clientcompany.com,44,Finance,Mid,150886,125,1,Yes,12120,6,Bench
290,Qxikbco,qxikbco290@clientcompany.com,38,Sales,Lead,54964,145,1,Yes,10889,7,Active
291,Lcxxply,lcxxply291@clientcompany.com,30,Sales,Junior,75621,149,4,Yes,19890,6,Bench
292,Gmzdovq,gmzdovq292@clientcompany.com,34,HR,Mid,135245,196,1,No,0,9,Bench
293,Lzzsrdt,lzzsrdt293@clientcompany.com,34,Support,Senior,127728,177,6,Yes,9155,2,Bench
294,Ktimyot,ktimyot294@clientcompany.com,42,Finance,Mid,66653,144,3,No,0,3,Bench
295,Kimesxx,kimesxx295@clientcompany.com,29,HR,Senior,129843,185,5,No,0,5,Bench
296,Cemjsgb,cemjsgb296@clientcompany.com,40,HR,Junior,56561,125,3,Yes,8451,10,Bench
297,Efytuku,efytuku297@clientcompany.com,27,Support,Senior,101203,190,3,Yes,2398,7,Bench
298,Kvtpmcd,kvtpmcd298@clientcompany.com,22,Tech,Junior,98549,192,4,No,0,7,Active
299,Qpcrtxs,qpcrtxs299@clientcompany.com,38,Tech,Mid,147287,161,2,No,0,7,Active
300,Qvibmag,qvibmag300@clientcompany.com,47,Support,Lead,99055,181,2,Yes,18624,10,Active
301,Zfdtwdw,zfdtwdw301@clientcompany.com,48,Finance,Junior,132341,181,3,No,0,3,Bench
302,Wmonfjg,wmonfjg302@clientcompany.com,29,Support,Junior,82479,196,5,No,0,9,Active
303,Ixjavdb,ixjavdb303@clientcompany.com,28,Tech,Junior,76777,124,1,No,0,10,Bench
304,Mnipsqh,mnipsqh304@clientcompany.com,45,Tech,Lead,134160,165,3,No,0,8,Active
305,Zizgqum,zizgqum305@clientcompany.com,22,Sales,Mid,97262,171,1,No,0,9,Bench
306,Oqjzduf,oqjzduf306@clientcompany.com,46,Finance,Lead,39784,198,0,Yes,6038,3,Bench
307,Fxctslz,fxctslz307@clientcompany.com,23,Sales,Junior,150374,124,3,Yes,5588,1,Active
308,Ihinmwy,ihinmwy308@clientcompany.com,25,Support,Junior,37779,184,6,Yes,8367,2,Bench
309,Fftouwe,fftouwe309@clientcompany.com,24,Sales,Lead,133897,173,0,Yes,8534,10,Bench
310,Bmehhae,bmehhae310@clientcompany.com,24,Finance,Senior,126648,191,2,No,0,4,Active
311,Jtrjcmn,jtrjcmn311@clientcompany.com,24,Support,Senior,48319,186,7,Yes,15198,7,Bench
312,Bguuqiu,bguuqiu312@clientcompany.com,28,Finance,Junior,118697,182,6,Yes,8132,1,Active
313,Lrhwskc,lrhwskc313@clientcompany.com,42,Tech,Mid,49267,187,0,No,0,2,Bench
314,Uvcqsui,uvcqsui314@clientcompany.com,28,Tech,Senior,99065,192,3,Yes,16934,3,Bench
315,Evnkebe,evnkebe315@clientcompany.com,35,HR,Senior,157856,138,2,Yes,9592,8,Bench
316,Wgaxosj,wgaxosj316@clientcompany.com,33,Sales,Mid,63986,139,5,No,0,8,Active
317,Mawjmfx,mawjmfx317@clientcompany.com,22,Sales,Lead,32851,152,0,No,0,8,Bench
318,Wyjxcjb,wyjxcjb318@clientcompany.com,35,Tech,Junior,62466,135,0,Yes,6062,8,Bench
319,Ismdpzh,ismdpzh319@clientcompany.com,30,Support,Lead,75008,199,3,Yes,11793,5,Active
320,Yfrtpqi,yfrtpqi320@clientcompany.com,23,Tech,Junior,114851,199,2,No,0,6,Active
321,Mlkovfo,mlkovfo321@clientcompany.com,39,Sales,Mid,155105,146,5,Yes,10024,5,Bench
322,Wwvqqjl,wwvqqjl322@clientcompany.com,25,Finance,Lead,96732,184,7,Yes,17019,2,Bench
323,Hrbndcr,hrbndcr323@clientcompany.com,30,Support,Mid,42339,122,7,Yes,16290,2,Active
324,Ceaiwve,ceaiwve324@clientcompany.com,31,HR,Junior,80485,185,3,Yes,19138,3,Active
325,Yiyaixk,yiyaixk325@clientcompany.com,36,Sales,Junior,54552,196,0,Yes,16632,2,Bench
326,Tnbmhgw,tnbmhgw326@clientcompany.com,26,Support,Mid,104281,115,4,Yes,11776,3,Active
327,Mhlybrj,mhlybrj327@clientcompany.com,45,Sales,Senior,31586,136,7,Yes,7657,4,Active
328,Kritwzg,kritwzg328@clientcompany.com,31,HR,Mid,124720,179,5,Yes,15708,8,Active
329,Xeqnvgw,xeqnvgw329@clientcompany.com,25,Tech,Lead,91775,179,0,Yes,8271,6,Active
330,Wbjgqdi,wbjgqdi330@clientcompany.com,46,Finance,Mid,96795,153,0,Yes,3085,5,Bench
331,Lxpwgvg,lxpwgvg331@clientcompany.com,28,Tech,Junior,71162,136,5,Yes,14055,7,Bench
332,Vcktpva,vcktpva332@clientcompany.com,48,HR,Junior,44506,166,6,No,0,10,Active
333,Eygjfqd,eygjfqd333@clientcompany.com,34,Tech,Junior,92092,140,0,Yes,4813,1,Active
334,Adlzdlb,adlzdlb334@clientcompany.com,32,Finance,Mid,126126,144,5,Yes,9383,2,Bench
335,Nxzskgz,nxzskgz335@clientcompany.com,21,Sales,Mid,151671,178,7,No,0,3,Active
336,Wffvegg,wffvegg336@clientcompany.com,32,Tech,Junior,90871,143,7,Yes,3086,6,Bench
337,Tevsuse,tevsuse337@clientcompany.com,32,Finance,Mid,78744,182,2,No,0,9,Bench
338,Zwevzvy,zwevzvy338@clientcompany.com,33,Finance,Mid,152496,123,1,Yes,16246,9,Active
339,Pqmjqvo,pqmjqvo339@clientcompany.com,37,Finance,Junior,152686,157,1,No,0,4,Bench
340,Oxftbaa,oxftbaa340@clientcompany.com,41,Finance,Lead,139050,164,6,Yes,19726,1,Active
341,Lpaeuwd,lpaeuwd341@clientcompany.com,40,Finance,Senior,75102,195,5,Yes,9930,8,Bench
342,Nufwxxq,nufwxxq342@clientcompany.com,42,HR,Junior,80310,127,1,No,0,10,Active
343,Xwyzcsq,xwyzcsq343@clientcompany.com,34,Tech,Lead,98923,154,4,No,0,7,Bench
344,Tzakcql,tzakcql344@clientcompany.com,47,Support,Lead,124334,197,5,No,0,6,Active
345,Sufhmff,sufhmff345@clientcompany.com,27,Sales,Junior,129556,141,2,Yes,11758,8,Bench
346,Tvymlwp,tvymlwp346@clientcompany.com,45,Support,Mid,88302,162,4,Yes,12251,8,Bench
347,Cixitqx,cixitqx347@clientcompany.com,44,HR,Lead,30613,200,2,Yes,18413,4,Active
348,Zadtgxv,zadtgxv348@clientcompany.com,33,Tech,Junior,139676,143,4,Yes,9680,6,Bench
349,Zlsthcj,zlsthcj349@clientcompany.com,48,Finance,Senior,61900,178,5,No,0,6,Active
350,Bbqovlo,bbqovlo350@clientcompany.com,48,Support,Junior,104649,141,1,No,0,8,Active
351,Wbmjcpd,wbmjcpd351@clientcompany.com,36,Tech,Junior,108002,154,0,No,0,7,Active
352,Irowhmu,irowhmu352@clientcompany.com,40,Support,Junior,43631,123,4,Yes,10252,9,Bench
353,Exgjutn,exgjutn353@clientcompany.com,33,Support,Lead,111327,125,1,Yes,16398,7,Bench
354,Isjmxrs,isjmxrs354@clientcompany.com,38,Sales,Junior,154874,197,0,No,0,7,Active
355,Qbyswts,qbyswts355@clientcompany.com,40,HR,Lead,53471,145,0,Yes,10724,1,Bench
356,Gvlvrte,gvlvrte356@clientcompany.com,35,Sales,Junior,139932,149,0,No,0,3,Active
357,Wyrhnut,wyrhnut357@clientcompany.com,43,Support,Senior,31271,137,0,No,0,3,Bench
358,Cjgtpwe,cjgtpwe358@clientcompany.com,32,Tech,Junior,105925,178,2,No,0,4,Active
359,Dmvjxml,dmvjxml359@clientcompany.com,21,Finance,Junior,120172,164,6,No,0,4,Active
360,Reviqfn,reviqfn360@clientcompany.com,39,Sales,Senior,103743,134,7,No,0,7,Active
361,Ezqzpgp,ezqzpgp361@clientcompany.com,38,HR,Lead,142399,171,5,No,0,9,Bench
362,Zgjalch,zgjalch362@clientcompany.com,39,Tech,Mid,66473,135,1,Yes,12640,2,Active
363,Fsqohej,fsqohej363@clientcompany.com,26,Sales,Senior,90303,194,1,No,0,9,Active
364,Wkduhmg,wkduhmg364@clientcompany.com,21,HR,Senior,132103,112,5,No,0,6,Active
365,Yioeerr,yioeerr365@clientcompany.com,36,Support,Mid,114837,178,0,Yes,14013,8,Bench
366,Smwiezg,smwiezg366@clientcompany.com,35,Support,Mid,53837,181,0,No,0,8,Bench
367,Grntprl,grntprl367@clientcompany.com,26,Tech,Lead,63610,142,4,Yes,3050,5,Active
368,Gentftc,gentftc368@clientcompany.com,22,Support,Senior,38550,151,1,Yes,12208,6,Active
369,Ujumfjc,ujumfjc369@clientcompany.com,32,Sales,Lead,45294,156,3,Yes,15724,7,Active
370,Dmiwyut,dmiwyut370@clientcompany.com,22,Finance,Junior,113167,181,0,Yes,14229,8,Bench
371,Vkkygxk,vkkygxk371@clientcompany.com,44,Finance,Mid,58144,156,2,No,0,10,Active
372,Emcgtvi,emcgtvi372@clientcompany.com,37,Sales,Mid,133112,137,1,No,0,3,Bench
373,Qebgbmc,qebgbmc373@clientcompany.com,24,HR,Senior,154392,117,3,No,0,7,Bench
374,Gjhqrug,gjhqrug374@clientcompany.com,46,Finance,Junior,101333,154,6,Yes,5454,7,Bench
375,Xrukllu,xrukllu375@clientcompany.com,24,HR,Junior,30313,139,1,No,0,10,Bench
376,Fgdnyhj,fgdnyhj376@clientcompany.com,21,Finance,Senior,152803,159,5,Yes,15984,3,Active
377,Fofuutc,fofuutc377@clientcompany.com,45,Finance,Senior,98550,111,0,No,0,6,Bench
378,Uqwjutl,uqwjutl378@clientcompany.com,35,HR,Junior,106449,184,2,No,0,4,Bench
379,Gkxorvb,gkxorvb379@clientcompany.com,48,Finance,Senior,44355,185,3,No,0,8,Bench
380,Zpcwgxv,zpcwgxv380@clientcompany.com,22,Tech,Mid,111854,174,7,Yes,3177,8,Active
381,Hdndyrw,hdndyrw381@clientcompany.com,26,Support,Senior,97673,173,7,Yes,12683,7,Active
382,Jsifycc,jsifycc382@clientcompany.com,38,HR,Mid,46360,116,4,No,0,6,Bench
383,Jjnylgj,jjnylgj383@clientcompany.com,23,Support,Mid,66598,177,5,No,0,3,Active
384,Bcnmlwc,bcnmlwc384@clientcompany.com,38,Support,Junior,95019,185,6,Yes,7674,3,Active
385,Wzcqndq,wzcqndq385@clientcompany.com,43,HR,Junior,102184,119,7,No,0,3,Active
386,Mjqrpyi,mjqrpyi386@clientcompany.com,25,Tech,Senior,103977,182,2,No,0,5,Bench
387,Lvyemal,lvyemal387@clientcompany.com,24,Sales,Junior,73033,131,3,No,0,4,Active
388,Fcjudlk,fcjudlk388@clientcompany.com,28,Sales,Senior,102136,147,3,No,0,9,Bench
389,Qdvuaps,qdvuaps389@clientcompany.com,35,Sales,Senior,69800,194,0,Yes,15310,1,Bench
390,Luelsge,luelsge390@clientcompany.com,26,Support,Senior,133905,113,7,Yes,19075,3,Bench
391,Akdgnim,akdgnim391@clientcompany.com,33,HR,Mid,113317,121,3,Yes,3582,2,Active
392,Tvvyxqk,tvvyxqk392@clientcompany.com,26,Support,Junior,99386,117,7,Yes,19564,3,Active
393,Rdhdcez,rdhdcez393@clientcompany.com,46,Tech,Senior,153613,112,6,No,0,4,Bench
394,Lpnqnqa,lpnqnqa394@clientcompany.com,30,Sales,Junior,75910,180,4,No,0,1,Active
395,Kwrljsn,kwrljsn395@clientcompany.com,21,Tech,Mid,120642,122,3,No,0,4,Active
396,Tremmuk,tremmuk396@clientcompany.com,43,HR,Junior,106056,159,4,Yes,10893,1,Active
397,Cayoxbg,cayoxbg397@clientcompany.com,23,Sales,Junior,83226,127,3,Yes,15276,2,Bench
398,Myylstr,myylstr398@clientcompany.com,32,Tech,Mid,108478,200,3,Yes,16656,5,Active
399,Jmagjln,jmagjln399@clientcompany.com,40,Tech,Junior,74636,166,5,No,0,7,Bench
400,Ldhykzy,ldhykzy400@clientcompany.com,30,Support,Mid,146817,137,7,No,0,1,Bench
401,Alqdwvz,alqdwvz401@clientcompany.com,40,HR,Junior,129239,188,6,No,0,5,Bench
402,Bknlzek,bknlzek402@clientcompany.com,25,Sales,Lead,146910,162,4,No,0,2,Bench
403,Aahswqc,aahswqc403@clientcompany.com,34,HR,Junior,146846,180,1,No,0,1,Active
404,Blipbai,blipbai404@clientcompany.com,32,Tech,Mid,64354,180,7,No,0,7,Active
405,Bcatcxy,bcatcxy405@clientcompany.com,39,HR,Lead,121838,187,7,Yes,13606,5,Active
406,Xpkrwgf,xpkrwgf406@clientcompany.com,44,HR,Lead,120896,161,6,Yes,13793,8,Active
407,Vkdhxgw,vkdhxgw407@clientcompany.com,37,HR,Senior,133666,115,6,Yes,2903,6,Active
408,Keuorij,keuorij408@clientcompany.com,23,Tech,Senior,84109,141,6,No,0,3,Active
409,Nkrmzlg,nkrmzlg409@clientcompany.com,45,Sales,Junior,140404,139,6,No,0,9,Bench
410,Dwywafj,dwywafj410@clientcompany.com,42,Sales,Lead,80753,154,2,No,0,1,Bench
411,Mbsnmdh,mbsnmdh411@clientcompany.com,24,Tech,Junior,130139,142,5,Yes,5305,4,Active
412,Yzvkuox,yzvkuox412@clientcompany.com,33,Support,Mid,114766,158,4,No,0,9,Bench
413,Ogdpnxs,ogdpnxs413@clientcompany.com,45,HR,Lead,40571,122,3,Yes,4209,2,Active
414,Vannkrw,vannkrw414@clientcompany.com,21,Tech,Mid,100602,150,3,No,0,6,Active
415,Xameqaa,xameqaa415@clientcompany.com,35,Sales,Lead,73432,197,5,No,0,3,Active
416,Tnslirk,tnslirk416@clientcompany.com,43,Tech,Senior,148916,152,2,Yes,3424,10,Bench
417,Unauijd,unauijd417@clientcompany.com,22,HR,Senior,52386,194,3,No,0,1,Active
418,Jepiiuk,jepiiuk418@clientcompany.com,46,Finance,Mid,115921,114,1,No,0,3,Active
419,Iazdhkp,iazdhkp419@clientcompany.com,27,Finance,Mid,159896,117,6,No,0,7,Bench
420,Oywhwej,oywhwej420@clientcompany.com,28,Support,Lead,57470,118,5,No,0,7,Bench
421,Cwanxpf,cwanxpf421@clientcompany.com,38,Finance,Junior,123611,173,0,No,0,4,Bench
422,Whoasuh,whoasuh422@clientcompany.com,41,Finance,Senior,56675,166,4,No,0,5,Bench
423,Ckvqbvi,ckvqbvi423@clientcompany.com,38,Finance,Mid,80883,143,6,Yes,3360,5,Active
424,Cdbbjaf,cdbbjaf424@clientcompany.com,44,Tech,Junior,153876,174,1,No,0,2,Active
425,Wzdffex,wzdffex425@clientcompany.com,41,Support,Mid,140220,152,1,Yes,8387,10,Active
426,Hciertt,hciertt426@clientcompany.com,35,HR,Lead,61834,130,7,No,0,1,Bench
427,Ljrfhrh,ljrfhrh427@clientcompany.com,38,Support,Mid,80174,143,0,Yes,14727,2,Active
428,Mvxdtgs,mvxdtgs428@clientcompany.com,38,Support,Lead,76174,198,2,Yes,13716,1,Bench
429,Jkkfbsx,jkkfbsx429@clientcompany.com,43,HR,Lead,125332,155,0,No,0,8,Active
430,Ugalmee,ugalmee430@clientcompany.com,42,HR,Senior,140253,181,6,No,0,7,Bench
431,Jvlzlpd,jvlzlpd431@clientcompany.com,21,HR,Mid,35536,157,1,Yes,8731,2,Bench
432,Qakpxsc,qakpxsc432@clientcompany.com,23,Sales,Junior,116923,185,5,No,0,6,Bench
433,Zwyxkid,zwyxkid433@clientcompany.com,29,HR,Mid,117522,189,7,No,0,8,Active
434,Xylfmkt,xylfmkt434@clientcompany.com,47,HR,Lead,71754,158,0,Yes,2189,9,Bench
435,Itxrcng,itxrcng435@clientcompany.com,38,HR,Junior,100006,167,1,Yes,4328,3,Bench
436,Fiyyytv,fiyyytv436@clientcompany.com,44,HR,Junior,117298,177,2,Yes,5169,3,Active
437,Zsrthin,zsrthin437@clientcompany.com,38,Finance,Junior,140776,158,6,No,0,10,Active
438,Xfflcxl,xfflcxl438@clientcompany.com,34,Support,Senior,123712,120,0,Yes,5995,7,Active
439,Kagkudg,kagkudg439@clientcompany.com,43,Finance,Junior,91972,190,4,No,0,4,Bench
440,Pkarlnx,pkarlnx440@clientcompany.com,34,HR,Senior,127428,176,4,No,0,8,Active
441,Xuttptj,xuttptj441@clientcompany.com,45,Sales,Senior,106856,124,3,No,0,3,Bench
442,Nezlkut,nezlkut442@clientcompany.com,33,Finance,Mid,49611,130,2,Yes,17797,9,Bench
443,Sgaxgqi,sgaxgqi443@clientcompany.com,26,Tech,Mid,159742,162,6,No,0,6,Active
444,Qntplpe,qntplpe444@clientcompany.com,35,Finance,Junior,97834,157,2,Yes,17394,5,Bench
445,Gsagatc,gsagatc445@clientcompany.com,25,HR,Mid,140556,145,7,No,0,7,Active
446,Tseecgm,tseecgm446@clientcompany.com,23,Tech,Lead,85630,187,1,No,0,7,Bench
447,Swpfaip,swpfaip447@clientcompany.com,38,Sales,Lead,54873,116,4,Yes,2408,9,Bench
448,Tgsrfkg,tgsrfkg448@clientcompany.com,21,Tech,Senior,56928,194,1,No,0,1,Active
449,Mqtdqec,mqtdqec449@clientcompany.com,23,Sales,Lead,85253,171,7,Yes,12390,6,Active
450,Rlnwztr,rlnwztr450@clientcompany.com,23,Support,Mid,63717,176,6,No,0,10,Bench
451,Tvvuzyy,tvvuzyy451@clientcompany.com,25,Finance,Mid,152532,194,5,Yes,16151,2,Bench
452,Ulqaxuj,ulqaxuj452@clientcompany.com,29,Support,Mid,59864,184,2,No,0,9,Bench
453,Xxndfwl,xxndfwl453@clientcompany.com,28,Sales,Senior,101118,192,1,No,0,10,Active
454,Jtnezcl,jtnezcl454@clientcompany.com,37,Sales,Mid,91939,156,1,Yes,19893,6,Active
455,Aldoais,aldoais455@clientcompany.com,21,Tech,Senior,111615,173,5,Yes,18992,10,Active
456,Xlpcufc,xlpcufc456@clientcompany.com,32,Tech,Senior,66398,186,3,Yes,14722,5,Bench
457,Cemtrvd,cemtrvd457@clientcompany.com,31,Support,Mid,155894,192,6,No,0,1,Bench
458,Qkmuyou,qkmuyou458@clientcompany.com,48,HR,Junior,156534,166,2,No,0,2,Active
459,Wjasbtx,wjasbtx459@clientcompany.com,25,HR,Junior,35337,156,3,No,0,9,Active
460,Ukokqjj,ukokqjj460@clientcompany.com,40,Finance,Junior,138829,164,2,Yes,16030,5,Bench
461,Xffsjbq,xffsjbq461@clientcompany.com,34,Finance,Senior,101589,160,5,Yes,4806,7,Bench
462,Xqlmtmo,xqlmtmo462@clientcompany.com,43,Tech,Junior,79299,185,2,Yes,4169,8,Active
463,Vcuzees,vcuzees463@clientcompany.com,33,Sales,Senior,107089,129,3,Yes,14227,7,Active
464,Nfgevth,nfgevth464@clientcompany.com,48,HR,Junior,38990,148,7,No,0,8,Bench
465,Zsfjpir,zsfjpir465@clientcompany.com,44,Finance,Lead,105185,166,4,Yes,7728,2,Bench
466,Fyxdkkg,fyxdkkg466@clientcompany.com,33,HR,Mid,92984,194,5,Yes,12625,10,Bench
467,Bgyvsix,bgyvsix467@clientcompany.com,42,Tech,Senior,36259,160,1,No,0,9,Bench
468,Fgrgays,fgrgays468@clientcompany.com,36,Support,Mid,48270,188,7,No,0,3,Bench
469,Kdykydt,kdykydt469@clientcompany.com,29,HR,Lead,109458,129,4,Yes,7868,9,Bench
470,Vvzndcf,vvzndcf470@clientcompany.com,27,Finance,Lead,131271,118,5,Yes,5121,10,Active
471,Atjvmmm,atjvmmm471@clientcompany.com,25,Finance,Lead,125580,152,1,No,0,9,Active
472,Bgswvmr,bgswvmr472@clientcompany.com,29,Tech,Senior,93570,138,1,Yes,10524,8,Bench
473,Piphoim,piphoim473@clientcompany.com,48,Sales,Mid,130518,111,6,Yes,10265,10,Bench
474,Vggiwok,vggiwok474@clientcompany.com,48,Sales,Senior,111292,120,0,Yes,9294,6,Active
475,Xiyicyd,xiyicyd475@clientcompany.com,42,Support,Junior,157950,126,7,No,0,6,Bench
476,Igojxuw,igojxuw476@clientcompany.com,43,HR,Lead,89979,146,0,No,0,8,Bench
477,Hnvahfs,hnvahfs477@clientcompany.com,47,Finance,Lead,44895,139,6,No,0,4,Bench
478,Paxgvmv,paxgvmv478@clientcompany.com,34,Tech,Mid,152410,124,1,Yes,10942,7,Active
479,Mkyzrja,mkyzrja479@clientcompany.com,37,Support,Lead,132649,126,6,No,0,5,Active
480,Taxkhgb,taxkhgb480@clientcompany.com,35,Tech,Lead,79624,110,7,No,0,9,Active
481,Cuhnyoc,cuhnyoc481@clientcompany.com,21,HR,Junior,85437,185,2,Yes,4609,9,Active
482,Mjqetik,mjqetik482@clientcompany.com,25,Sales,Lead,159294,131,7,Yes,11738,10,Active
483,Xknedwz,xknedwz483@clientcompany.com,40,Tech,Mid,131369,114,7,No,0,6,Active
484,Kfzueao,kfzueao484@clientcompany.com,46,Sales,Senior,51096,140,5,No,0,7,Active
485,Vfxsuop,vfxsuop485@clientcompany.com,41,Sales,Junior,123244,134,7,Yes,9770,10,Bench
486,Ulugwnm,ulugwnm486@clientcompany.com,36,Support,Lead,127141,155,7,No,0,5,Bench
487,Etqxioc,etqxioc487@clientcompany.com,40,Support,Senior,42427,149,6,No,0,7,Active
488,Kountwv,kountwv488@clientcompany.com,36,Finance,Junior,53750,160,2,Yes,18285,3,Active
489,Lolzoyd,lolzoyd489@clientcompany.com,38,Sales,Senior,114117,187,7,Yes,13281,10,Active
490,Gxeocai,gxeocai490@clientcompany.com,42,Tech,Senior,95041,127,1,Yes,16634,4,Bench
491,Vajajlu,vajajlu491@clientcompany.com,42,Sales,Junior,154625,174,5,No,0,7,Active
492,Expivsb,expivsb492@clientcompany.com,23,Sales,Senior,54126,112,4,No,0,7,Active
493,Wqfpgwv,wqfpgwv493@clientcompany.com,35,Support,Junior,147589,159,0,Yes,6059,7,Active
494,Jbjqbns,jbjqbns494@clientcompany.com,48,Sales,Senior,89009,167,0,Yes,10230,5,Bench
495,Flpsrmw,flpsrmw495@clientcompany.com,47,HR,Mid,158264,123,2,Yes,3885,6,Bench
496,Tpvcufy,tpvcufy496@clientcompany.com,24,Finance,Mid,158165,171,2,No,0,5,Bench
497,Nviwlyu,nviwlyu497@clientcompany.com,35,Support,Mid,78177,195,7,Yes,10959,7,Bench
498,Mydotvz,mydotvz498@clientcompany.com,28,Support,Mid,153757,126,7,Yes,16762,2,Bench
499,Cshooiu,cshooiu499@clientcompany.com,21,HR,Lead,39729,132,6,Yes,18899,6,Active
500,Umqzsks,umqzsks500@clientcompany.com,21,Finance,Junior,84230,122,5,No,0,1,Active
501,Tuemvru,tuemvru501@clientcompany.com,30,Finance,Junior,131330,189,5,No,0,9,Bench
502,Vuzwxiq,vuzwxiq502@clientcompany.com,21,Finance,Junior,42704,189,3,No,0,4,Bench
503,Pmqsaxu,pmqsaxu503@clientcompany.com,32,Support,Senior,116574,125,4,No,0,4,Bench
504,Zsbrlkj,zsbrlkj504@clientcompany.com,26,Support,Junior,56121,200,2,Yes,11266,10,Bench
505,Diqvgwk,diqvgwk505@clientcompany.com,21,Tech,Senior,44335,124,6,Yes,7164,7,Bench
506,Bwnqmer,bwnqmer506@clientcompany.com,42,Tech,Senior,135033,162,3,No,0,4,Bench
507,Bdzwruj,bdzwruj507@clientcompany.com,40,Sales,Mid,137242,190,6,No,0,8,Bench
508,Tjzkavs,tjzkavs508@clientcompany.com,37,Support,Junior,112697,122,4,Yes,6375,7,Active
509,Gcopano,gcopano509@clientcompany.com,28,Finance,Senior,68406,172,6,Yes,6597,10,Bench
510,Pkjdyyq,pkjdyyq510@clientcompany.com,26,Finance,Lead,107752,143,6,No,0,3,Bench
511,Tgzbyxm,tgzbyxm511@clientcompany.com,24,Finance,Senior,56850,139,3,No,0,8,Bench
512,Pzzxhwv,pzzxhwv512@clientcompany.com,33,Finance,Lead,31666,142,5,Yes,14424,6,Bench
513,Kcyduvw,kcyduvw513@clientcompany.com,22,Finance,Senior,112801,184,1,Yes,17187,4,Bench
514,Kbdhvpk,kbdhvpk514@clientcompany.com,43,Support,Mid,150165,121,7,No,0,3,Bench
515,Aurkllf,aurkllf515@clientcompany.com,27,Support,Senior,151650,131,0,No,0,2,Active
516,Glzkfqo,glzkfqo516@clientcompany.com,48,Finance,Lead,115009,192,6,No,0,6,Bench
517,Yjdwpoj,yjdwpoj517@clientcompany.com,44,Sales,Mid,159902,187,4,Yes,8367,6,Active
518,Gnimzne,gnimzne518@clientcompany.com,42,Sales,Mid,130223,200,0,Yes,7360,4,Bench
519,Pmhqtvi,pmhqtvi519@clientcompany.com,31,Support,Junior,37915,166,2,No,0,10,Bench
520,Gqyrtzw,gqyrtzw520@clientcompany.com,30,Sales,Mid,53488,161,4,Yes,3822,2,Bench
521,Skvjkky,skvjkky521@clientcompany.com,22,Tech,Junior,59545,120,0,Yes,19157,1,Active
522,Mggdsxy,mggdsxy522@clientcompany.com,35,Support,Mid,76072,199,4,Yes,16074,4,Active
523,Uzjjbpf,uzjjbpf523@clientcompany.com,41,Sales,Junior,143706,163,7,Yes,14993,2,Active
524,Upncjdg,upncjdg524@clientcompany.com,37,Tech,Mid,125745,151,2,Yes,13959,7,Active
525,Bixrbrr,bixrbrr525@clientcompany.com,40,Sales,Lead,76080,171,2,Yes,8139,3,Bench
526,Xwlbfrw,xwlbfrw526@clientcompany.com,26,HR,Senior,65251,142,0,Yes,11901,8,Bench
527,Qcnjjky,qcnjjky527@clientcompany.com,47,Sales,Lead,52903,189,0,No,0,7,Active
528,Lrkicuh,lrkicuh528@clientcompany.com,33,Sales,Lead,134713,170,1,Yes,11050,9,Bench
529,Gnyimmq,gnyimmq529@clientcompany.com,38,Tech,Mid,155841,113,1,Yes,4942,1,Active
530,Kahbhtu,kahbhtu530@clientcompany.com,45,Support,Junior,83474,124,5,No,0,1,Bench
531,Yfjawzt,yfjawzt531@clientcompany.com,39,Support,Lead,45261,120,7,Yes,4874,9,Bench
532,Umzkodq,umzkodq532@clientcompany.com,44,Support,Mid,139513,187,0,No,0,5,Bench
533,Jcqifvb,jcqifvb533@clientcompany.com,33,Tech,Junior,140868,141,5,No,0,9,Bench
534,Ocksjod,ocksjod534@clientcompany.com,43,Sales,Mid,39034,131,0,No,0,9,Bench
535,Lrlcysk,lrlcysk535@clientcompany.com,35,HR,Mid,84092,152,4,No,0,10,Active
536,Tudidnp,tudidnp536@clientcompany.com,28,HR,Lead,66850,199,4,Yes,14427,5,Active
537,Nnarolg,nnarolg537@clientcompany.com,26,Finance,Mid,42777,147,6,Yes,6196,4,Active
538,Kysmijy,kysmijy538@clientcompany.com,34,Support,Junior,147933,135,6,Yes,14197,9,Active
539,Iyrlvpl,iyrlvpl539@clientcompany.com,22,HR,Senior,88771,165,3,Yes,10357,8,Active
540,Njimbiz,njimbiz540@clientcompany.com,26,Tech,Mid,75953,118,7,Yes,18025,3,Active
541,Sfylimz,sfylimz541@clientcompany.com,48,Support,Junior,56439,193,3,No,0,7,Bench
542,Xrmuypx,xrmuypx542@clientcompany.com,48,Support,Junior,121567,164,6,Yes,8475,10,Bench
543,Qbhxpzp,qbhxpzp543@clientcompany.com,37,Finance,Junior,50016,120,2,No,0,6,Active
544,Wiauoxg,wiauoxg544@clientcompany.com,23,Tech,Lead,156072,127,0,No,0,3,Active
545,Rlojskp,rlojskp545@clientcompany.com,28,HR,Mid,86209,195,5,Yes,17194,10,Active
546,Renaraz,renaraz546@clientcompany.com,22,Tech,Mid,37909,127,3,No,0,4,Bench
547,Wbzdsdj,wbzdsdj547@clientcompany.com,47,Tech,Mid,98003,140,0,No,0,9,Active
548,Sojnpos,sojnpos548@clientcompany.com,28,Finance,Junior,159342,158,5,No,0,10,Active
549,Dpgjtmv,dpgjtmv549@clientcompany.com,43,Sales,Senior,78690,137,6,Yes,11065,4,Bench
550,Nybxzna,nybxzna550@clientcompany.com,39,HR,Lead,66400,192,7,Yes,14059,9,Bench
551,Tgixuyc,tgixuyc551@clientcompany.com,35,Tech,Junior,107074,119,6,No,0,2,Bench
552,Vvgbdbc,vvgbdbc552@clientcompany.com,47,Tech,Lead,77841,151,3,No,0,5,Active
553,Efgkkdx,efgkkdx553@clientcompany.com,21,Finance,Junior,84490,162,5,Yes,17650,7,Bench
554,Oyhcrns,oyhcrns554@clientcompany.com,47,Support,Lead,95461,191,6,Yes,17483,7,Active
555,Vxiirei,vxiirei555@clientcompany.com,21,Support,Mid,86736,161,0,Yes,10295,5,Bench
556,Ulkrmaj,ulkrmaj556@clientcompany.com,48,Support,Lead,128188,111,2,No,0,6,Active
557,Zoigjgh,zoigjgh557@clientcompany.com,28,Finance,Mid,43834,110,6,No,0,1,Bench
558,Lwyzobe,lwyzobe558@clientcompany.com,27,Sales,Junior,60495,174,5,Yes,7770,9,Bench
559,Hrtswmq,hrtswmq559@clientcompany.com,41,HR,Senior,125608,110,7,Yes,4597,1,Bench
560,Kksnkif,kksnkif560@clientcompany.com,28,Tech,Junior,131719,132,2,Yes,12042,5,Bench
561,Zffevrv,zffevrv561@clientcompany.com,28,HR,Mid,157264,153,3,Yes,15267,3,Active
562,Ptxuvgp,ptxuvgp562@clientcompany.com,37,Tech,Junior,108948,189,5,Yes,11868,9,Active
563,Ojcndax,ojcndax563@clientcompany.com,36,Finance,Mid,156305,132,6,Yes,7831,1,Bench
564,Ffnsovc,ffnsovc564@clientcompany.com,26,Sales,Mid,70253,156,3,Yes,16394,8,Active
565,Glzfeym,glzfeym565@clientcompany.com,41,Tech,Lead,55013,178,5,Yes,9753,3,Active
566,Acmhmtn,acmhmtn566@clientcompany.com,45,Support,Lead,155436,196,1,No,0,3,Bench
567,Bfcslql,bfcslql567@clientcompany.com,32,Tech,Senior,60454,135,4,Yes,10794,4,Bench
568,Zlqumwm,zlqumwm568@clientcompany.com,26,Sales,Lead,57022,174,2,Yes,16029,2,Active
569,Lcljezf,lcljezf569@clientcompany.com,42,Finance,Mid,75743,183,7,Yes,9004,5,Bench
570,Ofpxcfh,ofpxcfh570@clientcompany.com,31,Finance,Junior,80791,158,3,Yes,6234,2,Bench
571,Aijefvt,aijefvt571@clientcompany.com,34,Sales,Junior,116847,181,0,Yes,14477,7,Bench
572,Xajbrue,xajbrue572@clientcompany.com,32,Sales,Lead,111432,167,2,Yes,17241,5,Active
573,Iejjjhu,iejjjhu573@clientcompany.com,31,HR,Senior,94876,164,0,No,0,3,Active
574,Hoypoxj,hoypoxj574@clientcompany.com,32,Support,Junior,75416,171,5,No,0,6,Active
575,Qrdvgvg,qrdvgvg575@clientcompany.com,40,Tech,Junior,82414,134,0,Yes,12846,9,Active
576,Llxyvvv,llxyvvv576@clientcompany.com,48,HR,Lead,97054,182,2,No,0,2,Bench
577,Rgllfsx,rgllfsx577@clientcompany.com,42,Support,Senior,111749,140,0,Yes,3071,7,Active
578,Gzduhhu,gzduhhu578@clientcompany.com,45,Sales,Junior,116694,148,6,Yes,13308,4,Active
579,Bvgnaif,bvgnaif579@clientcompany.com,27,Tech,Junior,147063,138,3,No,0,5,Active
580,Hjnyjni,hjnyjni580@clientcompany.com,30,Tech,Junior,34956,182,6,No,0,7,Bench
581,Qfvijmy,qfvijmy581@clientcompany.com,27,HR,Lead,128358,154,6,No,0,2,Bench
582,Mmhzkit,mmhzkit582@clientcompany.com,44,HR,Lead,110689,189,4,No,0,6,Active
583,Vjkkccx,vjkkccx583@clientcompany.com,30,HR,Junior,152893,141,2,No,0,6,Active
584,Wsubwaw,wsubwaw584@clientcompany.com,26,Tech,Senior,81675,137,4,Yes,6418,8,Bench
585,Aayyuik,aayyuik585@clientcompany.com,42,HR,Lead,31464,119,3,Yes,7348,6,Active
586,Ayeqsfu,ayeqsfu586@clientcompany.com,30,Finance,Junior,114358,167,4,No,0,1,Active
587,Pojfwqc,pojfwqc587@clientcompany.com,23,Tech,Lead,120631,196,3,No,0,7,Bench
588,Jigenpl,jigenpl588@clientcompany.com,47,HR,Lead,95678,115,2,No,0,2,Active
589,Zmuvbhj,zmuvbhj589@clientcompany.com,39,Tech,Lead,100485,152,4,Yes,4873,3,Bench
590,Xtwjzlo,xtwjzlo590@clientcompany.com,37,Finance,Senior,93037,125,1,No,0,6,Bench
591,Wzxlpuk,wzxlpuk591@clientcompany.com,43,Support,Senior,78530,160,2,Yes,10158,10,Bench
592,Hvhbnxy,hvhbnxy592@clientcompany.com,45,Finance,Mid,142572,133,0,No,0,9,Active
593,Ecsnzks,ecsnzks593@clientcompany.com,26,HR,Mid,125606,177,0,No,0,8,Active
594,Vyqpgbi,vyqpgbi594@clientcompany.com,30,Finance,Junior,105105,153,3,No,0,5,Active
595,Infpgxm,infpgxm595@clientcompany.com,32,Sales,Junior,159769,128,0,No,0,4,Active
596,Ztxqtim,ztxqtim596@clientcompany.com,24,Support,Lead,52706,178,2,No,0,10,Bench
597,Odqmsvu,odqmsvu597@clientcompany.com,33,HR,Senior,86966,123,5,Yes,5887,5,Active
598,Cafqege,cafqege598@clientcompany.com,30,Tech,Senior,157614,180,0,No,0,5,Active
599,Rwabzod,rwabzod599@clientcompany.com,44,Tech,Junior,50446,116,7,Yes,10773,5,Bench
600,Cabxxlf,cabxxlf600@clientcompany.com,47,Sales,Junior,85150,119,3,No,0,5,Bench
601,Xbnfwys,xbnfwys601@clientcompany.com,45,HR,Senior,67482,158,2,No,0,9,Bench
602,Udnzkgq,udnzkgq602@clientcompany.com,25,HR,Mid,141067,200,6,Yes,8549,6,Active
603,Rzskkwc,rzskkwc603@clientcompany.com,21,Finance,Senior,115481,130,4,Yes,16506,7,Active
604,Fmhzgkt,fmhzgkt604@clientcompany.com,26,Finance,Junior,121665,160,6,Yes,4103,9,Active
605,Lgpfdsx,lgpfdsx605@clientcompany.com,35,HR,Senior,138920,122,4,No,0,3,Active
606,Aeodqjp,aeodqjp606@clientcompany.com,47,Tech,Mid,109348,187,4,No,0,9,Active
607,Epgwtpj,epgwtpj607@clientcompany.com,35,Sales,Mid,44258,153,5,Yes,12653,6,Active
608,Lbwhvaf,lbwhvaf608@clientcompany.com,39,Sales,Junior,70072,158,3,No,0,8,Active
609,Daocrcs,daocrcs609@clientcompany.com,27,Support,Mid,134814,131,4,No,0,5,Bench
610,Astsvut,astsvut610@clientcompany.com,29,Support,Junior,61029,110,5,Yes,12843,10,Bench
611,Jnncqjg,jnncqjg611@clientcompany.com,28,Tech,Mid,130972,114,7,No,0,6,Bench
612,Exjizjk,exjizjk612@clientcompany.com,44,HR,Junior,123617,197,3,No,0,9,Active
613,Bjjwpbm,bjjwpbm613@clientcompany.com,32,Support,Lead,119257,138,0,No,0,7,Active
614,Hzeilbt,hzeilbt614@clientcompany.com,34,Tech,Lead,125477,194,4,Yes,8401,8,Bench
615,Zyscjqm,zyscjqm615@clientcompany.com,37,Sales,Senior,84812,124,5,Yes,13825,2,Active
616,Hfapmxg,hfapmxg616@clientcompany.com,22,Tech,Mid,116212,197,5,No,0,3,Active
617,Pcnmpgz,pcnmpgz617@clientcompany.com,28,Sales,Junior,116439,180,3,Yes,13861,4,Bench
618,Prclzgq,prclzgq618@clientcompany.com,43,HR,Lead,115325,110,0,Yes,12174,10,Bench
619,Ctlyhja,ctlyhja619@clientcompany.com,25,Sales,Lead,81045,145,5,Yes,19039,8,Active
620,Rkltvpr,rkltvpr620@clientcompany.com,21,HR,Lead,48157,134,4,No,0,8,Bench
621,Cmcdbqv,cmcdbqv621@clientcompany.com,40,HR,Mid,81577,161,0,No,0,9,Bench
622,Cqgpktm,cqgpktm622@clientcompany.com,29,HR,Senior,120480,143,3,No,0,4,Bench
623,Qyulirj,qyulirj623@clientcompany.com,23,Support,Mid,126771,177,4,No,0,5,Bench
624,Ynfrcon,ynfrcon624@clientcompany.com,40,HR,Lead,31430,121,6,No,0,10,Bench
625,Kynrbvv,kynrbvv625@clientcompany.com,27,Sales,Mid,143944,123,6,No,0,9,Bench
626,Ohgtitn,ohgtitn626@clientcompany.com,22,Sales,Senior,58931,196,4,No,0,6,Bench
627,Fcrpsum,fcrpsum627@clientcompany.com,26,Sales,Mid,76568,113,0,No,0,7,Active
628,Fnltldh,fnltldh628@clientcompany.com,41,Tech,Mid,46033,176,6,Yes,9354,8,Bench
629,Rrpamqy,rrpamqy629@clientcompany.com,23,Support,Junior,116083,157,7,No,0,8,Active
630,Yctnqot,yctnqot630@clientcompany.com,23,Tech,Junior,151332,161,3,Yes,5960,8,Active
631,Iyybtpb,iyybtpb631@clientcompany.com,27,Tech,Junior,114552,198,2,Yes,2659,3,Bench
632,Vsxozbc,vsxozbc632@clientcompany.com,23,Support,Junior,142229,124,3,Yes,13114,8,Active
633,Vabpofq,vabpofq633@clientcompany.com,30,Tech,Lead,156297,197,6,No,0,8,Active
634,Hayrnhe,hayrnhe634@clientcompany.com,31,Support,Senior,33416,146,3,No,0,10,Bench
635,Jmdyhas,jmdyhas635@clientcompany.com,46,Sales,Junior,151625,112,6,No,0,7,Bench
636,Eniympq,eniympq636@clientcompany.com,35,HR,Senior,137122,121,7,No,0,5,Active
637,Opnqful,opnqful637@clientcompany.com,30,Sales,Lead,72758,146,4,Yes,11443,9,Bench
638,Uxxplbk,uxxplbk638@clientcompany.com,47,Sales,Mid,119814,190,2,Yes,3763,2,Bench
639,Ginheya,ginheya639@clientcompany.com,46,Support,Senior,63190,122,5,Yes,17784,10,Active
640,Kekpmuz,kekpmuz640@clientcompany.com,25,Sales,Senior,117004,123,2,No,0,4,Bench
641,Stckzno,stckzno641@clientcompany.com,28,Finance,Junior,154784,147,5,No,0,3,Active
642,Kfkynog,kfkynog642@clientcompany.com,45,Support,Lead,31868,125,0,Yes,11723,8,Bench
643,Hxwnbuv,hxwnbuv643@clientcompany.com,36,Finance,Lead,110033,180,0,No,0,10,Bench
644,Hsnziwg,hsnziwg644@clientcompany.com,28,Support,Lead,93527,139,4,No,0,8,Active
645,Eyysfib,eyysfib645@clientcompany.com,35,Finance,Mid,113594,123,0,No,0,6,Bench
646,Ksuydhj,ksuydhj646@clientcompany.com,40,Support,Senior,100324,157,5,No,0,7,Active
647,Vorwlyt,vorwlyt647@clientcompany.com,44,Tech,Mid,52395,194,0,Yes,2207,9,Bench
648,Nvfflnu,nvfflnu648@clientcompany.com,44,Sales,Senior,37705,121,2,Yes,8787,4,Active
649,Nkpdwcz,nkpdwcz649@clientcompany.com,46,Finance,Lead,122104,170,0,No,0,8,Bench
650,Mgsvnof,mgsvnof650@clientcompany.com,26,Tech,Senior,39554,138,6,No,0,8,Active
651,Ghcqlbz,ghcqlbz651@clientcompany.com,31,HR,Mid,65802,170,6,No,0,8,Active
652,Kewusfe,kewusfe652@clientcompany.com,44,Tech,Junior,33564,143,4,Yes,6124,4,Bench
653,Weoyqzn,weoyqzn653@clientcompany.com,36,HR,Junior,52561,134,7,No,0,3,Active
654,Jrlhpqs,jrlhpqs654@clientcompany.com,35,Support,Mid,68156,136,6,No,0,5,Active
655,Aejzrvc,aejzrvc655@clientcompany.com,39,Tech,Senior,142989,137,3,No,0,2,Active
656,Fsccmql,fsccmql656@clientcompany.com,29,HR,Senior,106449,115,4,No,0,1,Active
657,Myohuik,myohuik657@clientcompany.com,25,Sales,Mid,86802,196,7,Yes,12379,2,Bench
658,Vxqnjpq,vxqnjpq658@clientcompany.com,25,Tech,Junior,78960,124,6,No,0,3,Bench
659,Vmapvth,vmapvth659@clientcompany.com,31,Support,Lead,153467,133,0,Yes,6951,5,Active
660,Zlufzbk,zlufzbk660@clientcompany.com,46,Sales,Senior,35626,156,7,No,0,7,Bench
661,Blkjbzz,blkjbzz661@clientcompany.com,26,Tech,Senior,69467,179,0,No,0,7,Bench
662,Icnggtb,icnggtb662@clientcompany.com,41,Support,Senior,100871,183,2,Yes,14742,1,Bench
663,Vchiome,vchiome663@clientcompany.com,38,HR,Senior,156764,110,3,No,0,6,Active
664,Iecfwea,iecfwea664@clientcompany.com,48,Tech,Lead,134523,130,5,No,0,6,Bench
665,Afsstvq,afsstvq665@clientcompany.com,28,HR,Senior,102429,134,6,No,0,8,Bench
666,Oscsheo,oscsheo666@clientcompany.com,29,Tech,Lead,62141,171,3,Yes,3981,2,Active
667,Jhgngoc,jhgngoc667@clientcompany.com,36,HR,Junior,86466,191,5,No,0,3,Active
668,Woitiiq,woitiiq668@clientcompany.com,46,HR,Junior,37328,142,5,No,0,7,Bench
669,Ikocoqy,ikocoqy669@clientcompany.com,40,Sales,Mid,140126,177,5,No,0,9,Bench
670,Mnihcut,mnihcut670@clientcompany.com,32,Sales,Junior,138126,122,1,No,0,6,Active
671,Rithoad,rithoad671@clientcompany.com,46,Finance,Mid,83919,148,2,Yes,4961,1,Active
672,Kkzildf,kkzildf672@clientcompany.com,47,Finance,Mid,49689,184,7,No,0,7,Active
673,Dvbqeut,dvbqeut673@clientcompany.com,42,Sales,Mid,127882,126,2,Yes,9256,5,Active
674,Nhsjzma,nhsjzma674@clientcompany.com,36,Tech,Senior,115894,119,5,No,0,1,Bench
675,Ijyudax,ijyudax675@clientcompany.com,33,Tech,Junior,118227,157,3,Yes,16877,10,Active
676,Bdbowft,bdbowft676@clientcompany.com,47,Finance,Lead,136251,114,5,No,0,3,Bench
677,Xotrdha,xotrdha677@clientcompany.com,38,Tech,Junior,122069,119,2,Yes,4132,4,Bench
678,Avzyrwf,avzyrwf678@clientcompany.com,45,Finance,Junior,80145,196,4,Yes,12669,4,Active
679,Jhfbvhv,jhfbvhv679@clientcompany.com,39,Tech,Mid,43103,154,0,Yes,2131,2,Bench
680,Jkryxsa,jkryxsa680@clientcompany.com,48,Finance,Mid,44123,125,5,No,0,1,Bench
681,Nmfkvxb,nmfkvxb681@clientcompany.com,43,Sales,Senior,115416,180,5,No,0,5,Bench
682,Ifcrepc,ifcrepc682@clientcompany.com,26,HR,Mid,79534,122,7,Yes,10436,4,Bench
683,Vkxteio,vkxteio683@clientcompany.com,46,Sales,Mid,75475,122,7,Yes,19026,8,Bench
684,Euilnoo,euilnoo684@clientcompany.com,32,Support,Senior,83759,175,2,No,0,2,Bench
685,Ercbvwq,ercbvwq685@clientcompany.com,32,Finance,Mid,55773,164,4,No,0,4,Active
686,Pakcxrr,pakcxrr686@clientcompany.com,27,Finance,Junior,111997,175,7,Yes,18169,1,Bench
687,Wasgrzl,wasgrzl687@clientcompany.com,45,Support,Junior,93652,189,2,No,0,4,Bench
688,Xgawzyw,xgawzyw688@clientcompany.com,40,Sales,Mid,122893,165,3,No,0,4,Active
689,Htiuegn,htiuegn689@clientcompany.com,26,Sales,Mid,135228,113,5,Yes,14233,2,Active
690,Uvbktbf,uvbktbf690@clientcompany.com,30,HR,Lead,51693,140,1,No,0,3,Bench
691,Pdbmdqf,pdbmdqf691@clientcompany.com,33,Finance,Senior,34094,185,0,Yes,7107,3,Bench
692,Qibjpug,qibjpug692@clientcompany.com,21,Support,Junior,47334,171,7,No,0,2,Bench
693,Dluoqvn,dluoqvn693@clientcompany.com,32,HR,Senior,151101,164,0,No,0,2,Active
694,Idtjrjh,idtjrjh694@clientcompany.com,28,Tech,Senior,56521,183,5,No,0,5,Bench
695,Fgplpxl,fgplpxl695@clientcompany.com,47,HR,Lead,66454,146,4,Yes,19321,1,Active
696,Cuayngd,cuayngd696@clientcompany.com,42,HR,Junior,60034,135,0,No,0,10,Bench
697,Tswlqcv,tswlqcv697@clientcompany.com,44,Finance,Mid,143732,146,6,No,0,3,Active
698,Yafsrpw,yafsrpw698@clientcompany.com,24,Finance,Lead,111485,111,1,No,0,5,Active
699,Kpnchor,kpnchor699@clientcompany.com,44,Tech,Senior,126190,196,0,Yes,17655,9,Active
700,Alhgumg,alhgumg700@clientcompany.com,36,Sales,Senior,85457,132,5,Yes,8000,8,Active
701,Hnbqzyw,hnbqzyw701@clientcompany.com,22,Sales,Senior,63699,134,7,No,0,5,Bench
702,Ensprep,ensprep702@clientcompany.com,34,HR,Mid,149705,168,6,Yes,18502,3,Bench
703,Ypsfpqs,ypsfpqs703@clientcompany.com,36,Tech,Senior,92158,128,0,Yes,8980,4,Active
704,Riymjph,riymjph704@clientcompany.com,45,Support,Junior,87148,112,7,Yes,3009,4,Active
705,Ptduttt,ptduttt705@clientcompany.com,25,Tech,Senior,84606,150,5,No,0,10,Active
706,Mctrgdp,mctrgdp706@clientcompany.com,35,Support,Lead,101313,144,2,No,0,3,Active
707,Gndhchy,gndhchy707@clientcompany.com,39,Finance,Senior,127759,113,3,No,0,5,Bench
708,Xoqdzoi,xoqdzoi708@clientcompany.com,46,Sales,Mid,98137,184,2,No,0,9,Active
709,Plbcoky,plbcoky709@clientcompany.com,35,Tech,Senior,136277,170,4,No,0,3,Active
710,Bhdnnwq,bhdnnwq710@clientcompany.com,25,Support,Lead,121214,128,6,Yes,4786,5,Active
711,Nzcyxbt,nzcyxbt711@clientcompany.com,37,Tech,Junior,46707,192,7,Yes,16101,8,Bench
712,Yiulldu,yiulldu712@clientcompany.com,23,Support,Junior,50039,146,4,No,0,8,Active
713,Ptadeoi,ptadeoi713@clientcompany.com,31,Sales,Mid,65930,162,2,No,0,3,Bench
714,Vmtbzuh,vmtbzuh714@clientcompany.com,48,Finance,Junior,55825,138,7,Yes,7200,7,Active
715,Cegezsl,cegezsl715@clientcompany.com,36,Support,Mid,110352,179,4,No,0,4,Active
716,Bdmoety,bdmoety716@clientcompany.com,30,Tech,Lead,97005,131,4,Yes,13208,7,Bench
717,Wldljjq,wldljjq717@clientcompany.com,43,Sales,Senior,39655,145,0,No,0,9,Bench
718,Evvesng,evvesng718@clientcompany.com,29,Tech,Junior,106320,190,7,No,0,9,Bench
719,Lxvkxfi,lxvkxfi719@clientcompany.com,45,Sales,Senior,72698,113,5,No,0,8,Active
720,Cmqgiip,cmqgiip720@clientcompany.com,22,Tech,Junior,93541,123,2,Yes,12379,3,Bench
721,Ofcrjxu,ofcrjxu721@clientcompany.com,30,HR,Junior,141044,184,3,No,0,7,Active
722,Camkmva,camkmva722@clientcompany.com,35,HR,Senior,156482,174,4,Yes,19576,10,Bench
723,Dsdauwu,dsdauwu723@clientcompany.com,29,Finance,Mid,80521,171,6,Yes,12545,3,Active
724,Ezzradm,ezzradm724@clientcompany.com,25,Tech,Junior,45061,174,5,No,0,5,Active
725,Jawbkxz,jawbkxz725@clientcompany.com,25,Finance,Senior,80235,169,4,Yes,5221,3,Bench
726,Qfqxzna,qfqxzna726@clientcompany.com,35,HR,Junior,140461,127,1,No,0,9,Active
727,Wjrbbdm,wjrbbdm727@clientcompany.com,32,HR,Senior,85467,143,7,Yes,14876,10,Active
728,Yymhltl,yymhltl728@clientcompany.com,28,Tech,Mid,84370,149,0,Yes,14359,9,Active
729,Nbhkief,nbhkief729@clientcompany.com,32,Sales,Junior,148158,191,4,Yes,12831,2,Active
730,Ohqvpvf,ohqvpvf730@clientcompany.com,45,Sales,Mid,36465,186,0,No,0,5,Bench
731,Xgnojwz,xgnojwz731@clientcompany.com,48,Sales,Senior,101385,153,1,Yes,9315,10,Bench
732,Divqaqo,divqaqo732@clientcompany.com,45,Tech,Senior,150953,170,7,No,0,2,Bench
733,Rdmwfmp,rdmwfmp733@clientcompany.com,39,HR,Lead,64148,183,6,No,0,8,Active
734,Phkievy,phkievy734@clientcompany.com,42,Sales,Mid,34735,191,1,Yes,14399,1,Active
735,Aybatev,aybatev735@clientcompany.com,41,Sales,Lead,111772,122,5,Yes,10872,1,Active
736,Gocaakt,gocaakt736@clientcompany.com,47,Sales,Senior,105179,193,2,No,0,2,Active
737,Dbfuxbj,dbfuxbj737@clientcompany.com,24,HR,Junior,120911,177,4,No,0,7,Bench
738,Pgixiuz,pgixiuz738@clientcompany.com,22,Support,Junior,88556,180,1,No,0,9,Active
739,Lohwovl,lohwovl739@clientcompany.com,38,HR,Junior,59031,175,6,No,0,5,Active
740,Kzozese,kzozese740@clientcompany.com,39,HR,Junior,158756,193,6,No,0,2,Active
741,Ntzbqee,ntzbqee741@clientcompany.com,24,Sales,Junior,59569,139,7,Yes,4624,10,Bench
742,Pixlxnx,pixlxnx742@clientcompany.com,38,Finance,Junior,120972,154,5,Yes,17261,10,Bench
743,Iqaotzd,iqaotzd743@clientcompany.com,43,Sales,Junior,136341,186,6,Yes,7194,5,Bench
744,Ewhntxb,ewhntxb744@clientcompany.com,45,HR,Lead,130824,149,0,Yes,11364,1,Active
745,Ulrlcvn,ulrlcvn745@clientcompany.com,34,Finance,Mid,45175,114,6,Yes,14329,7,Bench
746,Ihfxdkt,ihfxdkt746@clientcompany.com,33,Tech,Mid,144204,110,7,Yes,10559,10,Active
747,Aywpdat,aywpdat747@clientcompany.com,46,Tech,Mid,139790,122,4,No,0,7,Bench
748,Sabxeic,sabxeic748@clientcompany.com,45,Sales,Lead,41025,118,4,Yes,6687,3,Active
749,Vyxcoyc,vyxcoyc749@clientcompany.com,25,Tech,Senior,149658,110,4,No,0,2,Active
750,Oyfcuqt,oyfcuqt750@clientcompany.com,25,HR,Mid,37600,118,0,Yes,6144,9,Bench
751,Fszzjug,fszzjug751@clientcompany.com,42,Support,Senior,56558,135,5,No,0,5,Bench
752,Wjvhnrz,wjvhnrz752@clientcompany.com,34,HR,Senior,105807,198,4,Yes,7547,2,Active
753,Lcwveeu,lcwveeu753@clientcompany.com,40,HR,Mid,45724,132,5,Yes,18396,3,Bench
754,Wevstbi,wevstbi754@clientcompany.com,31,HR,Senior,64028,165,7,No,0,7,Active
755,Tjgdego,tjgdego755@clientcompany.com,36,Support,Mid,78380,145,7,No,0,4,Active
756,Mmajjxk,mmajjxk756@clientcompany.com,22,HR,Junior,147695,186,7,No,0,9,Active
757,Pgdnhhl,pgdnhhl757@clientcompany.com,46,HR,Junior,69970,169,4,Yes,12536,5,Bench
758,Jzufvex,jzufvex758@clientcompany.com,47,Finance,Junior,47106,167,2,Yes,17732,6,Active
759,Hbzkgxt,hbzkgxt759@clientcompany.com,25,Finance,Mid,96214,137,3,Yes,14221,4,Active
760,Aesxzym,aesxzym760@clientcompany.com,39,Support,Junior,91461,197,6,Yes,5665,1,Active
761,Kibfsxu,kibfsxu761@clientcompany.com,25,Tech,Senior,148707,166,5,No,0,6,Active
762,Pqqbpel,pqqbpel762@clientcompany.com,44,Finance,Mid,32195,198,2,Yes,19370,3,Active
763,Nvxkbrx,nvxkbrx763@clientcompany.com,28,HR,Mid,109348,158,1,Yes,10567,5,Bench
764,Rytfmyl,rytfmyl764@clientcompany.com,31,Tech,Mid,155952,181,5,No,0,4,Active
765,Lbtpojg,lbtpojg765@clientcompany.com,22,Finance,Lead,94522,111,0,No,0,4,Bench
766,Jwkkqkc,jwkkqkc766@clientcompany.com,36,HR,Junior,125588,157,5,Yes,19888,3,Bench
767,Tidzkay,tidzkay767@clientcompany.com,22,HR,Lead,39339,171,5,Yes,19493,10,Bench
768,Pvaviat,pvaviat768@clientcompany.com,29,Finance,Lead,48509,156,5,Yes,17603,1,Bench
769,Bniukcp,bniukcp769@clientcompany.com,31,Finance,Mid,88456,165,0,No,0,1,Bench
770,Vwwfwgb,vwwfwgb770@clientcompany.com,29,Tech,Lead,66413,173,5,No,0,10,Active
771,Jzhagyh,jzhagyh771@clientcompany.com,21,Tech,Senior,43648,128,0,Yes,18384,5,Bench
772,Uslkzhy,uslkzhy772@clientcompany.com,26,Support,Senior,101266,116,3,Yes,7705,6,Active
773,Vlewljq,vlewljq773@clientcompany.com,25,Sales,Senior,86736,142,4,Yes,11259,10,Active
774,Zksrtcv,zksrtcv774@clientcompany.com,21,HR,Mid,60058,140,6,No,0,8,Active
775,Fyonair,fyonair775@clientcompany.com,31,Finance,Senior,82411,112,7,Yes,14624,3,Active
776,Zkcksbk,zkcksbk776@clientcompany.com,24,Tech,Lead,48348,189,7,Yes,12287,4,Bench
777,Lorjwow,lorjwow777@clientcompany.com,36,Support,Mid,136060,113,2,No,0,4,Active
778,Lpgqcrj,lpgqcrj778@clientcompany.com,47,Support,Mid,112228,181,7,Yes,14774,10,Active
779,Eioqnpu,eioqnpu779@clientcompany.com,38,Sales,Junior,45282,132,0,Yes,16995,9,Active
780,Mkvxhwm,mkvxhwm780@clientcompany.com,37,Support,Junior,30064,192,3,Yes,18161,5,Bench
781,Woktaee,woktaee781@clientcompany.com,46,Sales,Lead,90756,112,7,Yes,15275,9,Active
782,Frnzepm,frnzepm782@clientcompany.com,35,Sales,Senior,102232,191,7,No,0,3,Bench
783,Keeuvbm,keeuvbm783@clientcompany.com,45,Tech,Senior,116848,146,5,No,0,2,Active
784,Nbfrspf,nbfrspf784@clientcompany.com,43,Sales,Senior,86293,177,4,No,0,1,Bench
785,Rkxrmuo,rkxrmuo785@clientcompany.com,25,HR,Lead,49180,178,0,No,0,6,Bench
786,Uvvlleu,uvvlleu786@clientcompany.com,46,Finance,Lead,90115,174,4,No,0,1,Bench
787,Dhjfelb,dhjfelb787@clientcompany.com,24,Support,Lead,53626,154,2,No,0,5,Bench
788,Hxrhqgb,hxrhqgb788@clientcompany.com,43,Tech,Junior,43133,110,0,Yes,13070,10,Active
789,Yzbzlyg,yzbzlyg789@clientcompany.com,33,Sales,Junior,111646,163,4,No,0,6,Bench
790,Anpjbsn,anpjbsn790@clientcompany.com,25,HR,Lead,76005,196,5,Yes,4956,10,Bench
791,Swkjvys,swkjvys791@clientcompany.com,21,HR,Mid,155760,170,4,Yes,16849,6,Active
792,Auzdwqg,auzdwqg792@clientcompany.com,41,Support,Junior,78817,171,2,Yes,8594,7,Active
793,Litmtav,litmtav793@clientcompany.com,47,Finance,Mid,33582,120,7,No,0,3,Active
794,Dbzxnjp,dbzxnjp794@clientcompany.com,39,Sales,Mid,137199,191,4,Yes,19839,4,Active
795,Hitugpi,hitugpi795@clientcompany.com,26,Support,Lead,47778,196,4,No,0,7,Active
796,Feqscod,feqscod796@clientcompany.com,41,Sales,Senior,115542,134,3,No,0,1,Bench
797,Ccsjzbe,ccsjzbe797@clientcompany.com,35,Sales,Junior,59123,160,0,No,0,6,Active
798,Ctuphgy,ctuphgy798@clientcompany.com,21,Tech,Lead,104007,146,6,No,0,5,Active
799,Geyuqtz,geyuqtz799@clientcompany.com,30,Finance,Mid,100585,112,5,No,0,7,Active
800,Buoevfk,buoevfk800@clientcompany.com,24,Sales,Junior,111916,176,7,Yes,11110,1,Bench
801,Aoyuvzr,aoyuvzr801@clientcompany.com,45,Finance,Mid,121873,166,1,No,0,3,Active
802,Fxfhjpb,fxfhjpb802@clientcompany.com,32,Sales,Lead,151701,113,0,Yes,4348,2,Bench
803,Czbiyse,czbiyse803@clientcompany.com,41,Tech,Lead,52179,147,7,No,0,2,Active
804,Hdmlzrp,hdmlzrp804@clientcompany.com,25,HR,Mid,42314,168,7,No,0,5,Active
805,Kmckhfh,kmckhfh805@clientcompany.com,35,Finance,Junior,138538,144,1,Yes,9715,7,Active
806,Oujhisb,oujhisb806@clientcompany.com,48,Finance,Mid,73822,155,0,No,0,7,Bench
807,Ytvmjnt,ytvmjnt807@clientcompany.com,44,Tech,Lead,132189,159,3,Yes,4724,7,Active
808,Mkiiiep,mkiiiep808@clientcompany.com,42,Finance,Mid,42467,132,7,No,0,6,Bench
809,Lfpympx,lfpympx809@clientcompany.com,40,Support,Lead,108040,123,5,Yes,6868,9,Active
810,Hmuaivs,hmuaivs810@clientcompany.com,26,Finance,Mid,33313,188,1,Yes,19851,9,Bench
811,Zvvsiir,zvvsiir811@clientcompany.com,31,Finance,Lead,126068,146,1,Yes,5496,5,Active
812,Mqvdvnj,mqvdvnj812@clientcompany.com,23,Sales,Senior,61900,112,4,Yes,11367,8,Bench
813,Qosnqtf,qosnqtf813@clientcompany.com,48,Sales,Mid,142749,158,5,No,0,6,Active
814,Pjygqjh,pjygqjh814@clientcompany.com,38,Tech,Junior,156443,118,4,No,0,3,Active
815,Bnnvvse,bnnvvse815@clientcompany.com,34,HR,Mid,53335,152,7,Yes,18154,10,Bench
816,Xllzgxr,xllzgxr816@clientcompany.com,26,Support,Mid,74041,185,3,No,0,1,Active
817,Wygoiut,wygoiut817@clientcompany.com,27,Tech,Senior,131859,183,3,Yes,14974,6,Active
818,Igrwvay,igrwvay818@clientcompany.com,46,HR,Lead,72209,146,1,No,0,10,Active
819,Hkpcmdr,hkpcmdr819@clientcompany.com,21,Finance,Mid,86799,179,2,No,0,6,Bench
820,Jqrfmmi,jqrfmmi820@clientcompany.com,23,Sales,Mid,150400,133,6,No,0,7,Active
821,Twhlhea,twhlhea821@clientcompany.com,46,Finance,Junior,74012,117,6,Yes,2333,3,Active
822,Xjqsqvo,xjqsqvo822@clientcompany.com,31,Sales,Lead,113298,183,7,Yes,8420,9,Bench
823,Kudmekv,kudmekv823@clientcompany.com,29,Support,Senior,128887,117,3,Yes,17421,6,Bench
824,Stlfivp,stlfivp824@clientcompany.com,45,Sales,Lead,33244,125,1,No,0,5,Bench
825,Aehnmvi,aehnmvi825@clientcompany.com,24,Tech,Junior,36455,136,2,No,0,4,Active
826,Xbzgili,xbzgili826@clientcompany.com,25,Finance,Junior,114206,181,2,Yes,13155,7,Bench
827,Okwaboz,okwaboz827@clientcompany.com,42,Finance,Mid,46268,118,2,No,0,2,Bench
828,Cbqdwls,cbqdwls828@clientcompany.com,30,Support,Senior,83796,167,0,Yes,15419,9,Active
829,Uazcinx,uazcinx829@clientcompany.com,28,Sales,Lead,34115,183,1,Yes,9014,5,Bench
830,Iilyvio,iilyvio830@clientcompany.com,45,Sales,Senior,45940,171,1,No,0,4,Bench
831,Yzszogp,yzszogp831@clientcompany.com,23,Support,Lead,65559,163,5,Yes,12436,8,Bench
832,Huehwmr,huehwmr832@clientcompany.com,24,Tech,Senior,75528,147,7,No,0,6,Active
833,Vrcuncj,vrcuncj833@clientcompany.com,37,HR,Mid,65961,128,1,No,0,3,Bench
834,Uaddlzi,uaddlzi834@clientcompany.com,23,Sales,Mid,127607,175,6,Yes,17119,10,Active
835,Golgmoy,golgmoy835@clientcompany.com,25,Sales,Mid,51348,141,2,Yes,2065,1,Bench
836,Gpuhraw,gpuhraw836@clientcompany.com,40,Sales,Lead,56645,137,7,Yes,8027,7,Active
837,Wkbsuqz,wkbsuqz837@clientcompany.com,27,HR,Junior,149647,155,6,No,0,9,Bench
838,Cqxypzf,cqxypzf838@clientcompany.com,25,Finance,Senior,33767,116,5,No,0,8,Bench
839,Rwqrhna,rwqrhna839@clientcompany.com,48,Support,Senior,87265,190,7,No,0,4,Active
840,Fyduljs,fyduljs840@clientcompany.com,33,HR,Mid,31858,200,0,No,0,8,Active
841,Kjbohlp,kjbohlp841@clientcompany.com,33,Sales,Senior,48870,129,0,Yes,9597,1,Bench
842,Aisfmxn,aisfmxn842@clientcompany.com,41,Support,Senior,66485,129,0,No,0,5,Bench
843,Wimobin,wimobin843@clientcompany.com,30,Support,Mid,78311,135,3,Yes,11091,7,Bench
844,Oezfuib,oezfuib844@clientcompany.com,24,Support,Junior,127563,149,6,No,0,9,Bench
845,Abeslqw,abeslqw845@clientcompany.com,47,Tech,Lead,99920,194,0,No,0,2,Active
846,Rolkilt,rolkilt846@clientcompany.com,44,Tech,Mid,133271,198,5,Yes,11931,8,Bench
847,Jmltblx,jmltblx847@clientcompany.com,38,Tech,Lead,32567,150,6,No,0,3,Bench
848,Qpdvyme,qpdvyme848@clientcompany.com,31,Support,Lead,46834,154,6,Yes,6644,10,Bench
849,Pxujxpw,pxujxpw849@clientcompany.com,35,Tech,Senior,32706,171,1,Yes,19041,10,Active
850,Oifsyeq,oifsyeq850@clientcompany.com,44,HR,Mid,32282,188,4,No,0,8,Active
851,Iddspbz,iddspbz851@clientcompany.com,37,Support,Mid,153588,133,7,Yes,13942,1,Bench
852,Iewiqkt,iewiqkt852@clientcompany.com,32,Tech,Senior,79410,124,4,Yes,18689,10,Bench
853,Keghgzp,keghgzp853@clientcompany.com,28,Finance,Junior,85819,164,3,No,0,1,Active
854,Blxxcrt,blxxcrt854@clientcompany.com,48,Support,Junior,151002,193,7,Yes,16542,10,Active
855,Rqfyyzx,rqfyyzx855@clientcompany.com,39,Sales,Junior,142041,135,7,Yes,7474,6,Active
856,Psqgrra,psqgrra856@clientcompany.com,37,Finance,Senior,104225,132,4,Yes,17629,4,Active
857,Xrnclza,xrnclza857@clientcompany.com,33,Support,Lead,67322,126,2,No,0,10,Active
858,Ajugorr,ajugorr858@clientcompany.com,45,Sales,Junior,157505,183,6,No,0,1,Active
859,Rexqots,rexqots859@clientcompany.com,21,Tech,Junior,102582,115,4,Yes,4990,4,Bench
860,Pzuxewk,pzuxewk860@clientcompany.com,39,HR,Junior,65077,112,3,Yes,14823,1,Active
861,Fzpxqok,fzpxqok861@clientcompany.com,40,HR,Junior,75612,174,4,Yes,12456,6,Bench
862,Ohykvkb,ohykvkb862@clientcompany.com,21,Support,Junior,111692,192,2,Yes,5665,3,Active
863,Nszfgta,nszfgta863@clientcompany.com,29,Tech,Mid,96310,177,3,No,0,10,Bench
864,Wturkdi,wturkdi864@clientcompany.com,27,Sales,Mid,32371,164,3,Yes,18823,9,Bench
865,Badhsxb,badhsxb865@clientcompany.com,24,HR,Lead,45304,175,4,No,0,7,Bench
866,Vtxmoaa,vtxmoaa866@clientcompany.com,23,Tech,Mid,97985,172,1,No,0,1,Bench
867,Ebnpqln,ebnpqln867@clientcompany.com,24,Support,Senior,143977,149,3,Yes,5246,8,Active
868,Gopinua,gopinua868@clientcompany.com,43,Finance,Lead,120303,192,1,Yes,13760,10,Active
869,Kyxwjto,kyxwjto869@clientcompany.com,25,Sales,Junior,149392,152,3,Yes,7306,10,Active
870,Gltldnq,gltldnq870@clientcompany.com,27,Support,Junior,40444,173,3,Yes,3155,9,Active
871,Saditsb,saditsb871@clientcompany.com,22,Sales,Senior,98320,113,2,Yes,19504,2,Active
872,Sdidhli,sdidhli872@clientcompany.com,31,Sales,Senior,104118,120,7,No,0,1,Active
873,Frjlrwe,frjlrwe873@clientcompany.com,45,HR,Senior,61332,161,4,Yes,10545,1,Bench
874,Weykwfs,weykwfs874@clientcompany.com,37,Sales,Mid,88177,122,1,Yes,9143,10,Bench
875,Laoybgg,laoybgg875@clientcompany.com,43,Sales,Senior,105799,128,1,Yes,14838,1,Active
876,Ntrqjxy,ntrqjxy876@clientcompany.com,26,Tech,Mid,157308,198,6,No,0,9,Active
877,Bcxpnuo,bcxpnuo877@clientcompany.com,30,Finance,Mid,96531,167,3,Yes,14620,9,Active
878,Eaxgplk,eaxgplk878@clientcompany.com,47,Tech,Junior,55250,130,6,Yes,18425,9,Active
879,Gptfijv,gptfijv879@clientcompany.com,29,HR,Junior,113227,156,3,No,0,9,Bench
880,Nxoause,nxoause880@clientcompany.com,29,Finance,Junior,63643,147,0,Yes,6100,5,Active
881,Dhwbfpq,dhwbfpq881@clientcompany.com,31,Support,Senior,113334,153,0,No,0,1,Active
882,Ikxthsl,ikxthsl882@clientcompany.com,43,Tech,Junior,62449,115,3,Yes,12992,3,Active
883,Jdeutac,jdeutac883@clientcompany.com,38,Finance,Senior,153373,166,6,No,0,1,Bench
884,Svzagku,svzagku884@clientcompany.com,34,HR,Junior,71057,174,4,No,0,3,Bench
885,Tlaivlz,tlaivlz885@clientcompany.com,46,HR,Lead,71508,151,2,No,0,1,Bench
886,Gjrmlzr,gjrmlzr886@clientcompany.com,22,Sales,Lead,108375,197,1,No,0,2,Bench
887,Gsqmbvk,gsqmbvk887@clientcompany.com,29,Finance,Senior,109136,189,2,Yes,15570,1,Active
888,Ljgqwaa,ljgqwaa888@clientcompany.com,43,Finance,Junior,133812,198,2,Yes,7712,3,Active
889,Lzayqvj,lzayqvj889@clientcompany.com,44,HR,Junior,45913,131,3,No,0,1,Active
890,Sbhnljs,sbhnljs890@clientcompany.com,43,Support,Junior,110676,112,6,Yes,13690,10,Active
891,Ylnaqxz,ylnaqxz891@clientcompany.com,27,Finance,Mid,89848,192,4,No,0,10,Bench
892,Bwtgcbk,bwtgcbk892@clientcompany.com,44,Tech,Mid,137331,133,6,No,0,3,Active
893,Iuxlyzv,iuxlyzv893@clientcompany.com,47,Finance,Mid,124852,128,5,Yes,3605,1,Bench
894,Kvxcwmm,kvxcwmm894@clientcompany.com,29,HR,Senior,107561,189,6,No,0,5,Active
895,Fwutfns,fwutfns895@clientcompany.com,42,HR,Senior,105991,144,1,Yes,14466,8,Bench
896,Dffqzgq,dffqzgq896@clientcompany.com,47,Sales,Senior,117003,149,2,No,0,8,Bench
897,Pwfysvz,pwfysvz897@clientcompany.com,28,Finance,Lead,84382,184,4,No,0,9,Bench
898,Adevmaz,adevmaz898@clientcompany.com,47,Tech,Lead,109054,157,0,No,0,4,Active
899,Uyjlknx,uyjlknx899@clientcompany.com,38,Tech,Lead,43262,140,4,No,0,3,Bench
900,Jtewtrm,jtewtrm900@clientcompany.com,47,Sales,Lead,31810,164,3,Yes,4654,3,Active
901,Uuoaiot,uuoaiot901@clientcompany.com,37,Support,Lead,58170,118,7,Yes,3322,2,Active
902,Yzhcdrv,yzhcdrv902@clientcompany.com,26,Finance,Senior,39506,151,1,Yes,17901,8,Bench
903,Cwiagoi,cwiagoi903@clientcompany.com,34,Support,Junior,80867,129,5,Yes,3550,2,Active
904,Yderrja,yderrja904@clientcompany.com,29,HR,Junior,100919,122,5,Yes,7535,3,Active
905,Xxgicpk,xxgicpk905@clientcompany.com,44,Support,Junior,138100,147,5,Yes,12421,1,Active
906,Vsyaijs,vsyaijs906@clientcompany.com,47,Finance,Junior,155403,145,1,Yes,7526,8,Active
907,Zeodbia,zeodbia907@clientcompany.com,40,Finance,Mid,94347,153,3,No,0,1,Bench
908,Otnwfcl,otnwfcl908@clientcompany.com,21,Tech,Lead,122039,188,0,No,0,2,Active
909,Bxgugtt,bxgugtt909@clientcompany.com,27,Tech,Junior,62533,163,0,No,0,3,Active
910,Kqupxzh,kqupxzh910@clientcompany.com,36,Support,Lead,37649,200,7,No,0,10,Active
911,Rwmkixw,rwmkixw911@clientcompany.com,45,Tech,Junior,52904,180,5,No,0,1,Bench
912,Wvizefs,wvizefs912@clientcompany.com,26,Sales,Junior,66731,127,5,Yes,13024,3,Bench
913,Edxjkbp,edxjkbp913@clientcompany.com,41,Tech,Mid,119445,188,5,Yes,18644,7,Active
914,Uajnogm,uajnogm914@clientcompany.com,48,Sales,Senior,108918,128,1,Yes,13822,10,Active
915,Plmvxgz,plmvxgz915@clientcompany.com,43,Tech,Junior,138620,123,2,Yes,18203,7,Active
916,Mztzozn,mztzozn916@clientcompany.com,44,Sales,Lead,96612,164,1,Yes,12067,10,Active
917,Orxnpdv,orxnpdv917@clientcompany.com,33,Tech,Junior,146167,142,4,No,0,9,Bench
918,Gmynxen,gmynxen918@clientcompany.com,41,Tech,Mid,105364,190,7,No,0,10,Active
919,Gcztqcb,gcztqcb919@clientcompany.com,31,HR,Lead,139121,115,3,No,0,9,Bench
920,Cwerceg,cwerceg920@clientcompany.com,22,Sales,Senior,122659,182,6,Yes,2401,2,Bench
921,Glkpiyt,glkpiyt921@clientcompany.com,22,Tech,Lead,139312,126,7,Yes,13872,8,Bench
922,Gpwpvtf,gpwpvtf922@clientcompany.com,45,Tech,Junior,38437,113,2,No,0,8,Active
923,Mgdxzgc,mgdxzgc923@clientcompany.com,40,HR,Junior,89597,198,4,No,0,6,Active
924,Ojetwsa,ojetwsa924@clientcompany.com,38,Finance,Senior,128499,113,2,Yes,11451,8,Bench
925,Pckzvuo,pckzvuo925@clientcompany.com,37,Sales,Senior,147327,166,2,No,0,8,Bench
926,Woutjda,woutjda926@clientcompany.com,23,Support,Lead,31497,157,6,No,0,6,Bench
927,Tzubrnd,tzubrnd927@clientcompany.com,36,Support,Mid,158132,155,3,No,0,9,Bench
928,Nucukbv,nucukbv928@clientcompany.com,30,Tech,Lead,112625,175,4,No,0,5,Bench
929,Rceezmu,rceezmu929@clientcompany.com,37,Sales,Senior,97121,119,0,Yes,10037,2,Bench
930,Enhifhg,enhifhg930@clientcompany.com,40,Support,Lead,37580,113,3,Yes,14608,6,Bench
931,Xodgsns,xodgsns931@clientcompany.com,39,Tech,Senior,72052,199,2,No,0,7,Active
932,Rprgcfe,rprgcfe932@clientcompany.com,26,Finance,Junior,99855,186,1,No,0,2,Active
933,Hsubegp,hsubegp933@clientcompany.com,42,HR,Mid,102549,131,6,Yes,16353,3,Bench
934,Fjnivev,fjnivev934@clientcompany.com,35,Support,Senior,101775,147,6,No,0,6,Active
935,Wjqgkuw,wjqgkuw935@clientcompany.com,34,Support,Mid,102610,138,5,No,0,9,Active
936,Ksgbftg,ksgbftg936@clientcompany.com,45,Sales,Senior,97177,177,7,No,0,3,Bench
937,Vlfdibd,vlfdibd937@clientcompany.com,46,HR,Junior,106197,192,6,No,0,2,Active
938,Ykigktw,ykigktw938@clientcompany.com,35,Support,Junior,158433,142,7,No,0,7,Active
939,Xiamyme,xiamyme939@clientcompany.com,30,Sales,Lead,95263,166,5,Yes,17116,7,Active
940,Bdwnsut,bdwnsut940@clientcompany.com,41,Sales,Mid,82637,172,0,No,0,3,Bench
941,Zgbtyox,zgbtyox941@clientcompany.com,30,Finance,Junior,143277,195,6,No,0,9,Bench
942,Yvedcnq,yvedcnq942@clientcompany.com,31,Finance,Lead,42541,151,1,No,0,9,Active
943,Iurjdyl,iurjdyl943@clientcompany.com,42,HR,Senior,64129,115,4,Yes,5725,1,Bench
944,Qupczqy,qupczqy944@clientcompany.com,45,Finance,Mid,108304,125,5,Yes,2434,3,Active
945,Eubyzks,eubyzks945@clientcompany.com,43,Tech,Mid,101566,164,4,No,0,10,Bench
946,Zbhuqkd,zbhuqkd946@clientcompany.com,31,HR,Senior,38403,140,5,No,0,3,Active
947,Gvtdlsc,gvtdlsc947@clientcompany.com,25,Finance,Senior,47142,181,4,Yes,15867,9,Bench
948,Nxleswa,nxleswa948@clientcompany.com,21,HR,Senior,97248,119,1,No,0,2,Bench
949,Xpccnmz,xpccnmz949@clientcompany.com,39,Tech,Senior,65387,114,2,Yes,19358,5,Active
950,Pxkrgzs,pxkrgzs950@clientcompany.com,44,Support,Junior,79224,143,0,Yes,11150,8,Active
951,Vpjuwmy,vpjuwmy951@clientcompany.com,40,HR,Senior,145668,130,2,No,0,7,Active
952,Rjkyjiz,rjkyjiz952@clientcompany.com,45,Finance,Mid,117909,164,4,No,0,4,Active
953,Dyckolp,dyckolp953@clientcompany.com,28,Finance,Mid,32560,120,7,No,0,7,Bench
954,Hrafhkm,hrafhkm954@clientcompany.com,37,Support,Senior,95024,128,5,Yes,11082,10,Bench
955,Mmlkayq,mmlkayq955@clientcompany.com,48,HR,Senior,44761,118,3,No,0,10,Bench
956,Gdjtphp,gdjtphp956@clientcompany.com,44,Sales,Junior,33632,110,0,Yes,5995,2,Active
957,Gwzwcrv,gwzwcrv957@clientcompany.com,41,Finance,Mid,65306,171,5,Yes,11971,8,Bench
958,Daegblw,daegblw958@clientcompany.com,24,HR,Junior,116550,122,0,No,0,10,Active
959,Cwugfip,cwugfip959@clientcompany.com,42,Sales,Junior,32801,168,5,No,0,5,Bench
960,Yvolnwv,yvolnwv960@clientcompany.com,47,Finance,Junior,129147,191,3,No,0,8,Active
961,Hyylkxy,hyylkxy961@clientcompany.com,30,HR,Lead,42471,133,3,No,0,10,Active
962,Kfwygxl,kfwygxl962@clientcompany.com,41,Support,Junior,101202,139,1,No,0,9,Bench
963,Kolaxim,kolaxim963@clientcompany.com,22,Sales,Mid,106323,193,7,Yes,16659,10,Active
964,Gryjsvz,gryjsvz964@clientcompany.com,31,Tech,Mid,121006,179,2,Yes,6922,4,Active
965,Denwvma,denwvma965@clientcompany.com,30,Finance,Senior,81713,119,6,Yes,19012,4,Bench
966,Lwnwuly,lwnwuly966@clientcompany.com,26,Tech,Senior,156815,152,0,Yes,9093,7,Active
967,Tgvznwr,tgvznwr967@clientcompany.com,28,Tech,Senior,71013,188,7,No,0,5,Bench
968,Xogpcij,xogpcij968@clientcompany.com,45,Finance,Junior,139968,160,1,Yes,17976,6,Active
969,Rfbasvd,rfbasvd969@clientcompany.com,26,Finance,Junior,79375,136,5,Yes,5679,9,Active
970,Yvgbicx,yvgbicx970@clientcompany.com,29,Finance,Junior,43988,200,2,No,0,6,Bench
971,Tzcryyl,tzcryyl971@clientcompany.com,43,Tech,Junior,101614,140,1,Yes,14619,1,Active
972,Azgaqbr,azgaqbr972@clientcompany.com,25,Sales,Junior,84754,139,0,No,0,1,Bench
973,Rkkgpmi,rkkgpmi973@clientcompany.com,30,Finance,Junior,42028,141,1,Yes,15340,6,Bench
974,Gfrxrcq,gfrxrcq974@clientcompany.com,40,Finance,Lead,73270,135,0,No,0,5,Bench
975,Hyyhdcg,hyyhdcg975@clientcompany.com,25,Tech,Lead,61178,183,0,Yes,14383,9,Bench
976,Gytehse,gytehse976@clientcompany.com,34,Support,Junior,133504,194,6,No,0,6,Active
977,Dcnxwxh,dcnxwxh977@clientcompany.com,44,Sales,Mid,153407,182,4,No,0,4,Active
978,Wrtjofx,wrtjofx978@clientcompany.com,27,Finance,Senior,129371,163,4,Yes,12398,2,Active
979,Jleubdp,jleubdp979@clientcompany.com,21,Support,Junior,46370,164,2,Yes,7641,7,Active
980,Wzehrad,wzehrad980@clientcompany.com,22,Support,Lead,96997,169,6,Yes,15033,10,Active
981,Nqifwwm,nqifwwm981@clientcompany.com,42,Finance,Junior,92344,118,3,No,0,3,Active
982,Oodovxc,oodovxc982@clientcompany.com,21,Tech,Junior,75266,130,4,No,0,10,Bench
983,Vkrvqua,vkrvqua983@clientcompany.com,34,HR,Lead,127712,110,0,No,0,7,Active
984,Oxvpczc,oxvpczc984@clientcompany.com,38,Sales,Senior,79659,184,0,No,0,2,Bench
985,Kjdtiuq,kjdtiuq985@clientcompany.com,37,HR,Mid,66817,128,6,No,0,6,Active
986,Ufyjczp,ufyjczp986@clientcompany.com,31,HR,Mid,54849,155,7,Yes,15153,1,Active
987,Dmabquj,dmabquj987@clientcompany.com,28,HR,Senior,88918,139,2,No,0,6,Active
988,Ngxbfqn,ngxbfqn988@clientcompany.com,23,Finance,Mid,106107,130,0,No,0,7,Bench
989,Nvodsjr,nvodsjr989@clientcompany.com,26,Sales,Mid,69799,140,6,Yes,19575,1,Active
990,Xfoloab,xfoloab990@clientcompany.com,21,Sales,Junior,134517,151,2,No,0,1,Active
991,Ueucjzw,ueucjzw991@clientcompany.com,41,Finance,Lead,64199,197,0,No,0,6,Active
992,Lfgbita,lfgbita992@clientcompany.com,30,Support,Junior,97361,190,2,No,0,9,Bench
993,Ybfanme,ybfanme993@clientcompany.com,44,Support,Junior,149553,111,5,Yes,9997,3,Bench
994,Okvgyza,okvgyza994@clientcompany.com,24,Finance,Lead,61206,166,7,No,0,1,Active
995,Igphyxm,igphyxm995@clientcompany.com,39,Tech,Junior,57751,133,1,Yes,8717,10,Active
996,Vupgmzc,vupgmzc996@clientcompany.com,41,Tech,Senior,98532,122,1,Yes,3730,10,Bench
997,Yrjefuj,yrjefuj997@clientcompany.com,26,HR,Junior,80641,163,5,No,0,6,Active
998,Sixufdr,sixufdr998@clientcompany.com,21,HR,Mid,154258,124,1,No,0,8,Bench
999,Ddyqnlb,ddyqnlb999@clientcompany.com,34,HR,Junior,68458,141,2,Yes,3560,8,Bench
1000,Uzyuhet,uzyuhet1000@clientcompany.com,43,HR,Lead,150612,113,3,No,0,3,Active
